split,model_family,target,accuracy,balanced_accuracy,precision,recall,f1,brier,true_positive_rate,predicted_positive_rate,is_degenerate_classifier,n_predictions,roc_auc,first_prediction_date,last_prediction_date
0,price_only_baseline_majority,next_5d_positive_return,0.6324110671936759,0.5,0.6324110671936759,1.0,0.774818401937046,0.3675889328063241,0.6324110671936759,1.0,1.0,253.0,0.5,,
0,price_only_logistic,next_5d_positive_return,0.6324110671936759,0.5,0.6324110671936759,1.0,0.774818401937046,0.23238234823986365,0.6324110671936759,1.0,1.0,253.0,0.5436827956989247,2020-01-02,2020-12-31
0,price_only_logistic_l2,next_5d_positive_return,0.6324110671936759,0.5,0.6324110671936759,1.0,0.774818401937046,0.23238234823986365,0.6324110671936759,1.0,1.0,253.0,0.5436827956989247,2020-01-02,2020-12-31
0,price_only_logistic_elasticnet,next_5d_positive_return,0.6324110671936759,0.5,0.6324110671936759,1.0,0.774818401937046,0.23230443298494807,0.6324110671936759,1.0,1.0,253.0,0.5358198924731183,2020-01-02,2020-12-31
0,price_only_random_forest,next_5d_positive_return,0.549407114624506,0.5221774193548387,0.6493506493506493,0.625,0.6369426751592356,0.24970780845374474,0.6324110671936759,0.6086956521739131,0.0,253.0,0.5317204301075269,2020-01-02,2020-12-31
1,price_only_baseline_majority,next_5d_positive_return,0.6507936507936508,0.5,0.6507936507936508,1.0,0.7884615384615384,0.3492063492063492,0.6507936507936508,1.0,1.0,252.0,0.5,,
1,price_only_logistic,next_5d_positive_return,0.6507936507936508,0.5,0.6507936507936508,1.0,0.7884615384615384,0.22806056235437464,0.6507936507936508,1.0,1.0,252.0,0.592849223946785,2021-01-04,2021-12-31
1,price_only_logistic_l2,next_5d_positive_return,0.6507936507936508,0.5,0.6507936507936508,1.0,0.7884615384615384,0.22806056235437464,0.6507936507936508,1.0,1.0,252.0,0.592849223946785,2021-01-04,2021-12-31
1,price_only_logistic_elasticnet,next_5d_positive_return,0.6507936507936508,0.5,0.6507936507936508,1.0,0.7884615384615384,0.2276621877628017,0.6507936507936508,1.0,1.0,252.0,0.6226441241685143,2021-01-04,2021-12-31
1,price_only_random_forest,next_5d_positive_return,0.5634920634920635,0.5119179600886918,0.6588235294117647,0.6829268292682927,0.6706586826347305,0.25358805404530677,0.6507936507936508,0.6746031746031746,0.0,252.0,0.49445676274944567,2021-01-04,2021-12-31
2,price_only_baseline_majority,next_5d_positive_return,0.46613545816733065,0.5,0.46613545816733065,1.0,0.6358695652173914,0.5338645418326693,0.46613545816733065,1.0,1.0,251.0,0.5,,
2,price_only_logistic,next_5d_positive_return,0.46613545816733065,0.5,0.46613545816733065,1.0,0.6358695652173914,0.28288488167416753,0.46613545816733065,1.0,1.0,251.0,0.6860568950121189,2022-01-03,2022-12-30
2,price_only_logistic_l2,next_5d_positive_return,0.46613545816733065,0.5,0.46613545816733065,1.0,0.6358695652173914,0.28288488167416753,0.46613545816733065,1.0,1.0,251.0,0.6860568950121189,2022-01-03,2022-12-30
2,price_only_logistic_elasticnet,next_5d_positive_return,0.46613545816733065,0.5,0.46613545816733065,1.0,0.6358695652173914,0.28174933160558535,0.46613545816733065,1.0,1.0,251.0,0.6716417910447762,2022-01-03,2022-12-30
2,price_only_random_forest,next_5d_positive_return,0.4940239043824701,0.5234085980354637,0.47863247863247865,0.9572649572649573,0.6381766381766382,0.3116308122137663,0.46613545816733065,0.9322709163346613,0.0,251.0,0.547327465237913,2022-01-03,2022-12-30
3,price_only_baseline_majority,next_5d_positive_return,0.624,0.5,0.624,1.0,0.7684729064039408,0.376,0.624,1.0,1.0,250.0,0.5,,
3,price_only_logistic,next_5d_positive_return,0.624,0.5,0.624,1.0,0.7684729064039408,0.23481323635633208,0.624,1.0,1.0,250.0,0.5220949263502455,2023-01-03,2023-12-29
3,price_only_logistic_l2,next_5d_positive_return,0.624,0.5,0.624,1.0,0.7684729064039408,0.23481323635633208,0.624,1.0,1.0,250.0,0.5220949263502455,2023-01-03,2023-12-29
3,price_only_logistic_elasticnet,next_5d_positive_return,0.624,0.5,0.624,1.0,0.7684729064039408,0.23464660923201644,0.624,1.0,1.0,250.0,0.5332105837424986,2023-01-03,2023-12-29
3,price_only_random_forest,next_5d_positive_return,0.468,0.41516639388979815,0.5664739884393064,0.6282051282051282,0.5957446808510638,0.2775953586593131,0.624,0.692,0.0,250.0,0.39948172394980913,2023-01-03,2023-12-29
4,price_only_baseline_majority,next_5d_positive_return,0.6587301587301587,0.5,0.6587301587301587,1.0,0.7942583732057417,0.3412698412698413,0.6587301587301587,1.0,1.0,252.0,0.5,,
4,price_only_logistic,next_5d_positive_return,0.6587301587301587,0.5,0.6587301587301587,1.0,0.7942583732057417,0.22721336556701788,0.6587301587301587,1.0,1.0,252.0,0.5710983468758756,2024-01-02,2024-12-31
4,price_only_logistic_l2,next_5d_positive_return,0.6587301587301587,0.5,0.6587301587301587,1.0,0.7942583732057417,0.22721336556701788,0.6587301587301587,1.0,1.0,252.0,0.5710983468758756,2024-01-02,2024-12-31
4,price_only_logistic_elasticnet,next_5d_positive_return,0.6587301587301587,0.5,0.6587301587301587,1.0,0.7942583732057417,0.22711112842253692,0.6587301587301587,1.0,1.0,252.0,0.6059820678061081,2024-01-02,2024-12-31
4,price_only_random_forest,next_5d_positive_return,0.6150793650793651,0.5116979546091343,0.6650717703349283,0.8373493975903614,0.7413333333333333,0.2275481826495259,0.6587301587301587,0.8293650793650794,0.0,252.0,0.5677360605211543,2024-01-02,2024-12-31
5,price_only_baseline_majority,next_5d_positive_return,0.636,0.5,0.636,1.0,0.7775061124694377,0.364,0.636,1.0,1.0,250.0,0.5,,
5,price_only_logistic,next_5d_positive_return,0.636,0.5,0.636,1.0,0.7775061124694377,0.23271336495957495,0.636,1.0,1.0,250.0,0.46527057847812564,2025-01-02,2025-12-31
5,price_only_logistic_l2,next_5d_positive_return,0.636,0.5,0.636,1.0,0.7775061124694377,0.23271336495957495,0.636,1.0,1.0,250.0,0.46527057847812564,2025-01-02,2025-12-31
5,price_only_logistic_elasticnet,next_5d_positive_return,0.636,0.5,0.636,1.0,0.7775061124694377,0.23241863629055895,0.636,1.0,1.0,250.0,0.4788167807035731,2025-01-02,2025-12-31
5,price_only_random_forest,next_5d_positive_return,0.648,0.5611306932061649,0.6698564593301436,0.8805031446540881,0.7608695652173914,0.23196187036380736,0.636,0.836,0.0,250.0,0.5314810975188333,2025-01-02,2025-12-31
6,price_only_baseline_majority,next_5d_positive_return,0.5818181818181818,0.5,0.5818181818181818,1.0,0.735632183908046,0.41818181818181815,0.5818181818181818,1.0,1.0,110.0,0.5,,
6,price_only_logistic,next_5d_positive_return,0.5818181818181818,0.5,0.5818181818181818,1.0,0.735632183908046,0.24511011038883668,0.5818181818181818,1.0,1.0,110.0,0.4599184782608696,2026-01-02,2026-06-10
6,price_only_logistic_l2,next_5d_positive_return,0.5818181818181818,0.5,0.5818181818181818,1.0,0.735632183908046,0.24511011038883668,0.5818181818181818,1.0,1.0,110.0,0.4599184782608696,2026-01-02,2026-06-10
6,price_only_logistic_elasticnet,next_5d_positive_return,0.5818181818181818,0.5,0.5818181818181818,1.0,0.735632183908046,0.24475322262816124,0.5818181818181818,1.0,1.0,110.0,0.46501358695652173,2026-01-02,2026-06-10
6,price_only_random_forest,next_5d_positive_return,0.5636363636363636,0.5180027173913043,0.5930232558139535,0.796875,0.68,0.25082175262985507,0.5818181818181818,0.7818181818181819,0.0,110.0,0.548233695652174,2026-01-02,2026-06-10
0,vrp_only_baseline_majority,next_5d_positive_return,0.6245059288537549,0.5,0.6245059288537549,1.0,0.7688564476885644,0.37549407114624506,0.6245059288537549,1.0,1.0,253.0,0.5,,
0,vrp_only_logistic,next_5d_positive_return,0.6245059288537549,0.5,0.6245059288537549,1.0,0.7688564476885644,0.2455013079399734,0.6245059288537549,1.0,1.0,253.0,0.4763491005996003,2020-02-03,2021-02-02
0,vrp_only_logistic_l2,next_5d_positive_return,0.6245059288537549,0.5,0.6245059288537549,1.0,0.7688564476885644,0.2455013079399734,0.6245059288537549,1.0,1.0,253.0,0.4763491005996003,2020-02-03,2021-02-02
0,vrp_only_logistic_elasticnet,next_5d_positive_return,0.6245059288537549,0.5,0.6245059288537549,1.0,0.7688564476885644,0.24334515455838596,0.6245059288537549,1.0,1.0,253.0,0.4890739506995336,2020-02-03,2021-02-02
0,vrp_only_random_forest,next_5d_positive_return,0.6205533596837944,0.5073284477015323,0.628099173553719,0.9620253164556962,0.76,0.24923064275822682,0.6245059288537549,0.9565217391304348,0.0,253.0,0.4644237175216522,2020-02-03,2021-02-02
1,vrp_only_baseline_majority,next_5d_positive_return,0.6284584980237155,0.5,0.6284584980237155,1.0,0.7718446601941747,0.3715415019762846,0.6284584980237155,1.0,1.0,253.0,0.5,,
1,vrp_only_logistic,next_5d_positive_return,0.6284584980237155,0.5,0.6284584980237155,1.0,0.7718446601941747,0.233448548358624,0.6284584980237155,1.0,1.0,253.0,0.5096346848655159,2021-02-03,2022-02-02
1,vrp_only_logistic_l2,next_5d_positive_return,0.6284584980237155,0.5,0.6284584980237155,1.0,0.7718446601941747,0.233448548358624,0.6284584980237155,1.0,1.0,253.0,0.5096346848655159,2021-02-03,2022-02-02
1,vrp_only_logistic_elasticnet,next_5d_positive_return,0.6284584980237155,0.5,0.6284584980237155,1.0,0.7718446601941747,0.23337024637985035,0.6284584980237155,1.0,1.0,253.0,0.5143182122306972,2021-02-03,2022-02-02
1,vrp_only_random_forest,next_5d_positive_return,0.6126482213438735,0.5396092600026763,0.6517412935323383,0.8238993710691824,0.7277777777777777,0.23479589923901378,0.6284584980237155,0.7944664031620553,0.0,253.0,0.5754047905794193,2021-02-03,2022-02-02
2,vrp_only_baseline_majority,next_5d_positive_return,0.50199203187251,0.5,0.50199203187251,1.0,0.6684350132625995,0.49800796812749004,0.50199203187251,1.0,1.0,251.0,0.5,,
2,vrp_only_logistic,next_5d_positive_return,0.50199203187251,0.5,0.50199203187251,1.0,0.6684350132625995,0.2685713980104056,0.50199203187251,1.0,1.0,251.0,0.6304761904761904,2022-02-03,2023-02-02
2,vrp_only_logistic_l2,next_5d_positive_return,0.50199203187251,0.5,0.50199203187251,1.0,0.6684350132625995,0.2685713980104056,0.50199203187251,1.0,1.0,251.0,0.6304761904761904,2022-02-03,2023-02-02
2,vrp_only_logistic_elasticnet,next_5d_positive_return,0.50199203187251,0.5,0.50199203187251,1.0,0.6684350132625995,0.2687516275626684,0.50199203187251,1.0,1.0,251.0,0.6252063492063492,2022-02-03,2023-02-02
2,vrp_only_random_forest,next_5d_positive_return,0.49800796812749004,0.49603174603174605,0.5,0.9920634920634921,0.6648936170212766,0.29774523874473424,0.50199203187251,0.9960159362549801,0.0,251.0,0.5296507936507936,2022-02-03,2023-02-02
3,vrp_only_baseline_majority,next_5d_positive_return,0.6334661354581673,0.5,0.6334661354581673,1.0,0.775609756097561,0.3665338645418327,0.6334661354581673,1.0,1.0,251.0,0.5,,
3,vrp_only_logistic,next_5d_positive_return,0.6334661354581673,0.5,0.6334661354581673,1.0,0.775609756097561,0.23370578288912797,0.6334661354581673,1.0,1.0,251.0,0.44250751982499315,2023-02-03,2024-02-02
3,vrp_only_logistic_l2,next_5d_positive_return,0.6334661354581673,0.5,0.6334661354581673,1.0,0.775609756097561,0.23370578288912797,0.6334661354581673,1.0,1.0,251.0,0.44250751982499315,2023-02-03,2024-02-02
3,vrp_only_logistic_elasticnet,next_5d_positive_return,0.6334661354581673,0.5,0.6334661354581673,1.0,0.775609756097561,0.2335508110307577,0.6334661354581673,1.0,1.0,251.0,0.44688269073010667,2023-02-03,2024-02-02
3,vrp_only_random_forest,next_5d_positive_return,0.601593625498008,0.49545392398140553,0.6311111111111111,0.8930817610062893,0.7395833333333334,0.24563546589493426,0.6334661354581673,0.896414342629482,0.0,251.0,0.46342630571506693,2023-02-03,2024-02-02
4,vrp_only_baseline_majority,next_5d_positive_return,0.6305220883534136,0.5,0.6305220883534136,1.0,0.7733990147783252,0.36947791164658633,0.6305220883534136,1.0,1.0,249.0,0.5,,
4,vrp_only_logistic,next_5d_positive_return,0.6305220883534136,0.5,0.6305220883534136,1.0,0.7733990147783252,0.23379304632984785,0.6305220883534136,1.0,1.0,249.0,0.469468291332041,2024-02-05,2025-01-31
4,vrp_only_logistic_l2,next_5d_positive_return,0.6305220883534136,0.5,0.6305220883534136,1.0,0.7733990147783252,0.23379304632984785,0.6305220883534136,1.0,1.0,249.0,0.469468291332041,2024-02-05,2025-01-31
4,vrp_only_logistic_elasticnet,next_5d_positive_return,0.6305220883534136,0.5,0.6305220883534136,1.0,0.7733990147783252,0.2337430944459872,0.6305220883534136,1.0,1.0,249.0,0.4601218499030739,2024-02-05,2025-01-31
4,vrp_only_random_forest,next_5d_positive_return,0.5823293172690763,0.47978399335364164,0.6199095022624435,0.8726114649681529,0.7248677248677249,0.2511164625190212,0.6305220883534136,0.8875502008032129,0.0,249.0,0.4563832733314871,2024-02-05,2025-01-31
5,vrp_only_baseline_majority,next_5d_positive_return,0.6334661354581673,0.5,0.6334661354581673,1.0,0.775609756097561,0.3665338645418327,0.6334661354581673,1.0,1.0,251.0,0.5,,
5,vrp_only_logistic,next_5d_positive_return,0.6454183266932271,0.5185944763467323,0.6422764227642277,0.9937106918238994,0.7802469135802469,0.22986322203400428,0.6334661354581673,0.9800796812749004,0.0,251.0,0.5296007656549084,2025-02-03,2026-02-02
5,vrp_only_logistic_l2,next_5d_positive_return,0.6454183266932271,0.5185944763467323,0.6422764227642277,0.9937106918238994,0.7802469135802469,0.22986322203400428,0.6334661354581673,0.9800796812749004,0.0,251.0,0.5296007656549084,2025-02-03,2026-02-02
5,vrp_only_logistic_elasticnet,next_5d_positive_return,0.6414342629482072,0.5131596937380366,0.6396761133603239,0.9937106918238994,0.7783251231527094,0.23051072220580845,0.6334661354581673,0.9840637450199203,0.0,251.0,0.49767569045665844,2025-02-03,2026-02-02
5,vrp_only_random_forest,next_5d_positive_return,0.5936254980079682,0.530386929176921,0.6524064171122995,0.7672955974842768,0.7052023121387283,0.24652490232787314,0.6334661354581673,0.7450199203187251,0.0,251.0,0.48851517637407704,2025-02-03,2026-02-02
6,vrp_only_baseline_majority,next_5d_positive_return,0.5955056179775281,0.5,0.5955056179775281,1.0,0.7464788732394366,0.4044943820224719,0.5955056179775281,1.0,1.0,89.0,0.5,,
6,vrp_only_logistic,next_5d_positive_return,0.5955056179775281,0.5,0.5955056179775281,1.0,0.7464788732394366,0.24126297363628804,0.5955056179775281,1.0,1.0,89.0,0.5387840670859538,2026-02-03,2026-06-10
6,vrp_only_logistic_l2,next_5d_positive_return,0.5955056179775281,0.5,0.5955056179775281,1.0,0.7464788732394366,0.24126297363628804,0.5955056179775281,1.0,1.0,89.0,0.5387840670859538,2026-02-03,2026-06-10
6,vrp_only_logistic_elasticnet,next_5d_positive_return,0.5955056179775281,0.5,0.5955056179775281,1.0,0.7464788732394366,0.24166440511375642,0.5955056179775281,1.0,1.0,89.0,0.5062893081761006,2026-02-03,2026-06-10
6,vrp_only_random_forest,next_5d_positive_return,0.5955056179775281,0.5,0.5955056179775281,1.0,0.7464788732394366,0.2791212153827544,0.5955056179775281,1.0,1.0,89.0,0.2809224318658281,2026-02-03,2026-06-10
0,combined_baseline_majority,next_5d_positive_return,0.6245059288537549,0.5,0.6245059288537549,1.0,0.7688564476885644,0.37549407114624506,0.6245059288537549,1.0,1.0,253.0,0.5,,
0,combined_logistic,next_5d_positive_return,0.6245059288537549,0.5,0.6245059288537549,1.0,0.7688564476885644,0.24538932403705974,0.6245059288537549,1.0,1.0,253.0,0.48867421718854104,2020-02-03,2021-02-02
0,combined_logistic_l2,next_5d_positive_return,0.6245059288537549,0.5,0.6245059288537549,1.0,0.7688564476885644,0.24538932403705974,0.6245059288537549,1.0,1.0,253.0,0.48867421718854104,2020-02-03,2021-02-02
0,combined_logistic_elasticnet,next_5d_positive_return,0.6245059288537549,0.5,0.6245059288537549,1.0,0.7688564476885644,0.2443357000328537,0.6245059288537549,1.0,1.0,253.0,0.4896735509660226,2020-02-03,2021-02-02
0,combined_random_forest,next_5d_positive_return,0.5691699604743083,0.48087941372418386,0.6139534883720931,0.8354430379746836,0.707774798927614,0.2441851713805412,0.6245059288537549,0.849802371541502,0.0,253.0,0.5429713524317122,2020-02-03,2021-02-02
1,combined_baseline_majority,next_5d_positive_return,0.6284584980237155,0.5,0.6284584980237155,1.0,0.7718446601941747,0.3715415019762846,0.6284584980237155,1.0,1.0,253.0,0.5,,
1,combined_logistic,next_5d_positive_return,0.6284584980237155,0.5,0.6284584980237155,1.0,0.7718446601941747,0.2313496339416497,0.6284584980237155,1.0,1.0,253.0,0.6082563896694768,2021-02-03,2022-02-02
1,combined_logistic_l2,next_5d_positive_return,0.6284584980237155,0.5,0.6284584980237155,1.0,0.7718446601941747,0.2313496339416497,0.6284584980237155,1.0,1.0,253.0,0.6082563896694768,2021-02-03,2022-02-02
1,combined_logistic_elasticnet,next_5d_positive_return,0.6284584980237155,0.5,0.6284584980237155,1.0,0.7718446601941747,0.23225109323232354,0.6284584980237155,1.0,1.0,253.0,0.5798875953432356,2021-02-03,2022-02-02
1,combined_random_forest,next_5d_positive_return,0.5928853754940712,0.5043155359293456,0.6308411214953271,0.8490566037735849,0.7238605898123325,0.2372196734470362,0.6284584980237155,0.8458498023715415,0.0,253.0,0.538003479191757,2021-02-03,2022-02-02
2,combined_baseline_majority,next_5d_positive_return,0.50199203187251,0.5,0.50199203187251,1.0,0.6684350132625995,0.49800796812749004,0.50199203187251,1.0,1.0,251.0,0.5,,
2,combined_logistic,next_5d_positive_return,0.50199203187251,0.5,0.50199203187251,1.0,0.6684350132625995,0.2787480129786923,0.50199203187251,1.0,1.0,251.0,0.6469206349206349,2022-02-03,2023-02-02
2,combined_logistic_l2,next_5d_positive_return,0.50199203187251,0.5,0.50199203187251,1.0,0.6684350132625995,0.2787480129786923,0.50199203187251,1.0,1.0,251.0,0.6469206349206349,2022-02-03,2023-02-02
2,combined_logistic_elasticnet,next_5d_positive_return,0.50199203187251,0.5,0.50199203187251,1.0,0.6684350132625995,0.2751308230758955,0.50199203187251,1.0,1.0,251.0,0.641079365079365,2022-02-03,2023-02-02
2,combined_random_forest,next_5d_positive_return,0.5099601593625498,0.5080317460317461,0.5060728744939271,0.9920634920634921,0.6702412868632708,0.3279147046386918,0.50199203187251,0.9840637450199203,0.0,251.0,0.5502222222222222,2022-02-03,2023-02-02
3,combined_baseline_majority,next_5d_positive_return,0.6334661354581673,0.5,0.6334661354581673,1.0,0.775609756097561,0.3665338645418327,0.6334661354581673,1.0,1.0,251.0,0.5,,
3,combined_logistic,next_5d_positive_return,0.6334661354581673,0.5,0.6334661354581673,1.0,0.775609756097561,0.23588053051775357,0.6334661354581673,1.0,1.0,251.0,0.4111293409898824,2023-02-03,2024-02-02
3,combined_logistic_l2,next_5d_positive_return,0.6334661354581673,0.5,0.6334661354581673,1.0,0.775609756097561,0.23588053051775357,0.6334661354581673,1.0,1.0,251.0,0.4111293409898824,2023-02-03,2024-02-02
3,combined_logistic_elasticnet,next_5d_positive_return,0.6334661354581673,0.5,0.6334661354581673,1.0,0.775609756097561,0.23471045739227508,0.6334661354581673,1.0,1.0,251.0,0.4276045939294504,2023-02-03,2024-02-02
3,combined_random_forest,next_5d_positive_return,0.549800796812749,0.4637339349193328,0.6127450980392157,0.7861635220125787,0.6887052341597796,0.265080693261947,0.6334661354581673,0.8127490039840638,0.0,251.0,0.4128383921246924,2023-02-03,2024-02-02
4,combined_baseline_majority,next_5d_positive_return,0.6305220883534136,0.5,0.6305220883534136,1.0,0.7733990147783252,0.36947791164658633,0.6305220883534136,1.0,1.0,249.0,0.5,,
4,combined_logistic,next_5d_positive_return,0.6305220883534136,0.5,0.6305220883534136,1.0,0.7733990147783252,0.23305337917599236,0.6305220883534136,1.0,1.0,249.0,0.512600387704237,2024-02-05,2025-01-31
4,combined_logistic_l2,next_5d_positive_return,0.6305220883534136,0.5,0.6305220883534136,1.0,0.7733990147783252,0.23305337917599236,0.6305220883534136,1.0,1.0,249.0,0.512600387704237,2024-02-05,2025-01-31
4,combined_logistic_elasticnet,next_5d_positive_return,0.6305220883534136,0.5,0.6305220883534136,1.0,0.7733990147783252,0.2333159168388686,0.6305220883534136,1.0,1.0,249.0,0.5060232622542232,2024-02-05,2025-01-31
4,combined_random_forest,next_5d_positive_return,0.5983935742971888,0.4902727776239269,0.6255506607929515,0.9044585987261147,0.7395833333333334,0.2377858408256456,0.6305220883534136,0.9116465863453815,0.0,249.0,0.5172389919689836,2024-02-05,2025-01-31
5,combined_baseline_majority,next_5d_positive_return,0.6334661354581673,0.5,0.6334661354581673,1.0,0.775609756097561,0.3665338645418327,0.6334661354581673,1.0,1.0,251.0,0.5,,
5,combined_logistic,next_5d_positive_return,0.6454183266932271,0.5185944763467323,0.6422764227642277,0.9937106918238994,0.7802469135802469,0.23073588239469978,0.6334661354581673,0.9800796812749004,0.0,251.0,0.45952966912770027,2025-02-03,2026-02-02
5,combined_logistic_l2,next_5d_positive_return,0.6454183266932271,0.5185944763467323,0.6422764227642277,0.9937106918238994,0.7802469135802469,0.23073588239469978,0.6334661354581673,0.9800796812749004,0.0,251.0,0.45952966912770027,2025-02-03,2026-02-02
5,combined_logistic_elasticnet,next_5d_positive_return,0.6454183266932271,0.5185944763467323,0.6422764227642277,0.9937106918238994,0.7802469135802469,0.23107249525279222,0.6334661354581673,0.9800796812749004,0.0,251.0,0.46855345911949686,2025-02-03,2026-02-02
5,combined_random_forest,next_5d_positive_return,0.649402390438247,0.565251572327044,0.6698564593301436,0.8805031446540881,0.7608695652173914,0.2433697164934083,0.6334661354581673,0.8326693227091634,0.0,251.0,0.48591741864916604,2025-02-03,2026-02-02
6,combined_baseline_majority,next_5d_positive_return,0.5955056179775281,0.5,0.5955056179775281,1.0,0.7464788732394366,0.4044943820224719,0.5955056179775281,1.0,1.0,89.0,0.5,,
6,combined_logistic,next_5d_positive_return,0.5955056179775281,0.5,0.5955056179775281,1.0,0.7464788732394366,0.24432916659064455,0.5955056179775281,1.0,1.0,89.0,0.3841719077568134,2026-02-03,2026-06-10
6,combined_logistic_l2,next_5d_positive_return,0.5955056179775281,0.5,0.5955056179775281,1.0,0.7464788732394366,0.24432916659064455,0.5955056179775281,1.0,1.0,89.0,0.3841719077568134,2026-02-03,2026-06-10
6,combined_logistic_elasticnet,next_5d_positive_return,0.5955056179775281,0.5,0.5955056179775281,1.0,0.7464788732394366,0.24275312198702365,0.5955056179775281,1.0,1.0,89.0,0.42085953878406707,2026-02-03,2026-06-10
6,combined_random_forest,next_5d_positive_return,0.5280898876404494,0.47903563941299787,0.582089552238806,0.7358490566037735,0.65,0.27931534406270647,0.5955056179775281,0.7528089887640449,0.0,89.0,0.3668763102725367,2026-02-03,2026-06-10
0,price_only_baseline_majority,next_21d_positive_return,0.7549407114624506,0.5,0.7549407114624506,1.0,0.8603603603603603,0.2450592885375494,0.7549407114624506,1.0,1.0,253.0,0.5,,
0,price_only_logistic,next_21d_positive_return,0.7549407114624506,0.5,0.7549407114624506,1.0,0.8603603603603603,0.18662435056431684,0.7549407114624506,1.0,1.0,253.0,0.5852896470190846,2020-01-02,2020-12-31
0,price_only_logistic_l2,next_21d_positive_return,0.7549407114624506,0.5,0.7549407114624506,1.0,0.8603603603603603,0.18662435056431684,0.7549407114624506,1.0,1.0,253.0,0.5852896470190846,2020-01-02,2020-12-31
0,price_only_logistic_elasticnet,next_21d_positive_return,0.7509881422924901,0.4973821989528796,0.753968253968254,0.9947643979057592,0.8577878103837472,0.18831700971967785,0.7549407114624506,0.9960474308300395,0.0,253.0,0.5814051680459382,2020-01-02,2020-12-31
0,price_only_random_forest,next_21d_positive_return,0.5612648221343873,0.5950430670494848,0.8278688524590164,0.5287958115183246,0.645367412140575,0.2649269650800476,0.7549407114624506,0.48221343873517786,0.0,253.0,0.6080898496875528,2020-01-02,2020-12-31
1,price_only_baseline_majority,next_21d_positive_return,0.7658730158730159,0.5,0.7658730158730159,1.0,0.8674157303370786,0.23412698412698413,0.7658730158730159,1.0,1.0,252.0,0.5,,
1,price_only_logistic,next_21d_positive_return,0.7658730158730159,0.5,0.7658730158730159,1.0,0.8674157303370786,0.19211892757929594,0.7658730158730159,1.0,1.0,252.0,0.4877491876701502,2021-01-04,2021-12-31
1,price_only_logistic_l2,next_21d_positive_return,0.7658730158730159,0.5,0.7658730158730159,1.0,0.8674157303370786,0.19211892757929594,0.7658730158730159,1.0,1.0,252.0,0.4877491876701502,2021-01-04,2021-12-31
1,price_only_logistic_elasticnet,next_21d_positive_return,0.7658730158730159,0.5,0.7658730158730159,1.0,0.8674157303370786,0.1913826029106782,0.7658730158730159,1.0,1.0,252.0,0.5137437428646703,2021-01-04,2021-12-31
1,price_only_random_forest,next_21d_positive_return,0.40476190476190477,0.4231140774567489,0.7009345794392523,0.38860103626943004,0.5,0.2827370864022393,0.7658730158730159,0.4246031746031746,0.0,252.0,0.40072011943444286,2021-01-04,2021-12-31
2,price_only_baseline_majority,next_21d_positive_return,0.4302788844621514,0.5,0.4302788844621514,1.0,0.6016713091922006,0.5697211155378487,0.4302788844621514,1.0,1.0,251.0,0.5,,
2,price_only_logistic,next_21d_positive_return,0.4302788844621514,0.5,0.4302788844621514,1.0,0.6016713091922006,0.34766382762714726,0.4302788844621514,1.0,1.0,251.0,0.8435638435638435,2022-01-03,2022-12-30
2,price_only_logistic_l2,next_21d_positive_return,0.4302788844621514,0.5,0.4302788844621514,1.0,0.6016713091922006,0.34766382762714726,0.4302788844621514,1.0,1.0,251.0,0.8435638435638435,2022-01-03,2022-12-30
2,price_only_logistic_elasticnet,next_21d_positive_return,0.4302788844621514,0.5,0.4302788844621514,1.0,0.6016713091922006,0.35389997521542116,0.4302788844621514,1.0,1.0,251.0,0.8521756021756022,2022-01-03,2022-12-30
2,price_only_random_forest,next_21d_positive_return,0.46215139442231074,0.5211732711732712,0.44155844155844154,0.9444444444444444,0.6017699115044248,0.4213158832139223,0.4302788844621514,0.9203187250996016,0.0,251.0,0.6194638694638694,2022-01-03,2022-12-30
3,price_only_baseline_majority,next_21d_positive_return,0.696,0.5,0.696,1.0,0.8207547169811321,0.304,0.696,1.0,1.0,250.0,0.5,,
3,price_only_logistic,next_21d_positive_return,0.696,0.5,0.696,1.0,0.8207547169811321,0.21181038253007942,0.696,1.0,1.0,250.0,0.5255595886267392,2023-01-03,2023-12-29
3,price_only_logistic_l2,next_21d_positive_return,0.696,0.5,0.696,1.0,0.8207547169811321,0.21181038253007942,0.696,1.0,1.0,250.0,0.5255595886267392,2023-01-03,2023-12-29
3,price_only_logistic_elasticnet,next_21d_positive_return,0.696,0.5,0.696,1.0,0.8207547169811321,0.21170633264905467,0.696,1.0,1.0,250.0,0.5401542649727767,2023-01-03,2023-12-29
3,price_only_random_forest,next_21d_positive_return,0.5,0.3925438596491228,0.6338797814207651,0.6666666666666666,0.6498599439775911,0.29128543400293033,0.696,0.732,0.0,250.0,0.36418632788868727,2023-01-03,2023-12-29
4,price_only_baseline_majority,next_21d_positive_return,0.7896825396825397,0.5,0.7896825396825397,1.0,0.8824833702882483,0.21031746031746032,0.7896825396825397,1.0,1.0,252.0,0.5,,
4,price_only_logistic,next_21d_positive_return,0.7896825396825397,0.5,0.7896825396825397,1.0,0.8824833702882483,0.18177960757135078,0.7896825396825397,1.0,1.0,252.0,0.611263866502323,2024-01-02,2024-12-31
4,price_only_logistic_l2,next_21d_positive_return,0.7896825396825397,0.5,0.7896825396825397,1.0,0.8824833702882483,0.18177960757135078,0.7896825396825397,1.0,1.0,252.0,0.611263866502323,2024-01-02,2024-12-31
4,price_only_logistic_elasticnet,next_21d_positive_return,0.7896825396825397,0.5,0.7896825396825397,1.0,0.8824833702882483,0.1820643036245887,0.7896825396825397,1.0,1.0,252.0,0.5943870294870579,2024-01-02,2024-12-31
4,price_only_random_forest,next_21d_positive_return,0.746031746031746,0.610789798046838,0.835820895522388,0.8442211055276382,0.84,0.193136394793727,0.7896825396825397,0.7976190476190477,0.0,252.0,0.6588603394330141,2024-01-02,2024-12-31
5,price_only_baseline_majority,next_21d_positive_return,0.752,0.5,0.752,1.0,0.8584474885844748,0.248,0.752,1.0,1.0,250.0,0.5,,
5,price_only_logistic,next_21d_positive_return,0.752,0.5,0.752,1.0,0.8584474885844748,0.19843501693462817,0.752,1.0,1.0,250.0,0.30061770761839396,2025-01-02,2025-12-31
5,price_only_logistic_l2,next_21d_positive_return,0.752,0.5,0.752,1.0,0.8584474885844748,0.19843501693462817,0.752,1.0,1.0,250.0,0.30061770761839396,2025-01-02,2025-12-31
5,price_only_logistic_elasticnet,next_21d_positive_return,0.752,0.5,0.752,1.0,0.8584474885844748,0.1990123234938299,0.752,1.0,1.0,250.0,0.2948695950583391,2025-01-02,2025-12-31
5,price_only_random_forest,next_21d_positive_return,0.724,0.5840768702814001,0.7902439024390244,0.8617021276595744,0.8244274809160306,0.20342262537790762,0.752,0.82,0.0,250.0,0.5776424159231297,2025-01-02,2025-12-31
6,price_only_baseline_majority,next_21d_positive_return,0.5531914893617021,0.5,0.5531914893617021,1.0,0.7123287671232876,0.44680851063829785,0.5531914893617021,1.0,1.0,94.0,0.5,,
6,price_only_logistic,next_21d_positive_return,0.5531914893617021,0.5,0.5531914893617021,1.0,0.7123287671232876,0.26561516122697,0.5531914893617021,1.0,1.0,94.0,0.690018315018315,2026-01-02,2026-05-18
6,price_only_logistic_l2,next_21d_positive_return,0.5531914893617021,0.5,0.5531914893617021,1.0,0.7123287671232876,0.26561516122697,0.5531914893617021,1.0,1.0,94.0,0.690018315018315,2026-01-02,2026-05-18
6,price_only_logistic_elasticnet,next_21d_positive_return,0.5531914893617021,0.5,0.5531914893617021,1.0,0.7123287671232876,0.26610476764607416,0.5531914893617021,1.0,1.0,94.0,0.6451465201465202,2026-01-02,2026-05-18
6,price_only_random_forest,next_21d_positive_return,0.5531914893617021,0.5137362637362637,0.5609756097560976,0.8846153846153846,0.6865671641791045,0.26376490276047465,0.5531914893617021,0.8723404255319149,0.0,94.0,0.5934065934065935,2026-01-02,2026-05-18
0,vrp_only_baseline_majority,next_21d_positive_return,0.7786561264822134,0.5,0.7786561264822134,1.0,0.8755555555555555,0.22134387351778656,0.7786561264822134,1.0,1.0,253.0,0.5,,
0,vrp_only_logistic,next_21d_positive_return,0.7786561264822134,0.5,0.7786561264822134,1.0,0.8755555555555555,0.1613843275077355,0.7786561264822134,1.0,1.0,253.0,0.6676033357505439,2020-02-03,2021-02-02
0,vrp_only_logistic_l2,next_21d_positive_return,0.7786561264822134,0.5,0.7786561264822134,1.0,0.8755555555555555,0.1613843275077355,0.7786561264822134,1.0,1.0,253.0,0.6676033357505439,2020-02-03,2021-02-02
0,vrp_only_logistic_elasticnet,next_21d_positive_return,0.7786561264822134,0.5,0.7786561264822134,1.0,0.8755555555555555,0.16193957834916414,0.7786561264822134,1.0,1.0,253.0,0.6676939811457578,2020-02-03,2021-02-02
0,vrp_only_random_forest,next_21d_positive_return,0.7865612648221344,0.5178571428571429,0.7848605577689243,1.0,0.8794642857142857,0.168102951699998,0.7786561264822134,0.9920948616600791,0.0,253.0,0.5531182015953588,2020-02-03,2021-02-02
1,vrp_only_baseline_majority,next_21d_positive_return,0.6956521739130435,0.5,0.6956521739130435,1.0,0.8205128205128205,0.30434782608695654,0.6956521739130435,1.0,1.0,253.0,0.5,,
1,vrp_only_logistic,next_21d_positive_return,0.6956521739130435,0.5,0.6956521739130435,1.0,0.8205128205128205,0.20815626612740643,0.6956521739130435,1.0,1.0,253.0,0.6443329397874853,2021-02-03,2022-02-02
1,vrp_only_logistic_l2,next_21d_positive_return,0.6956521739130435,0.5,0.6956521739130435,1.0,0.8205128205128205,0.20815626612740643,0.6956521739130435,1.0,1.0,253.0,0.6443329397874853,2021-02-03,2022-02-02
1,vrp_only_logistic_elasticnet,next_21d_positive_return,0.6956521739130435,0.5,0.6956521739130435,1.0,0.8205128205128205,0.20828594367987616,0.6956521739130435,1.0,1.0,253.0,0.6441115702479339,2021-02-03,2022-02-02
1,vrp_only_random_forest,next_21d_positive_return,0.6956521739130435,0.5,0.6956521739130435,1.0,0.8205128205128205,0.2178460342707251,0.6956521739130435,1.0,1.0,253.0,0.5146103896103896,2021-02-03,2022-02-02
2,vrp_only_baseline_majority,next_21d_positive_return,0.47808764940239046,0.5,0.47808764940239046,1.0,0.6469002695417789,0.5219123505976095,0.47808764940239046,1.0,1.0,251.0,0.5,,
2,vrp_only_logistic,next_21d_positive_return,0.47808764940239046,0.5,0.47808764940239046,1.0,0.6469002695417789,0.3106743227495035,0.47808764940239046,1.0,1.0,251.0,0.8108778625954197,2022-02-03,2023-02-02
2,vrp_only_logistic_l2,next_21d_positive_return,0.47808764940239046,0.5,0.47808764940239046,1.0,0.6469002695417789,0.3106743227495035,0.47808764940239046,1.0,1.0,251.0,0.8108778625954197,2022-02-03,2023-02-02
2,vrp_only_logistic_elasticnet,next_21d_positive_return,0.47808764940239046,0.5,0.47808764940239046,1.0,0.6469002695417789,0.3101666140606498,0.47808764940239046,1.0,1.0,251.0,0.8139312977099237,2022-02-03,2023-02-02
2,vrp_only_random_forest,next_21d_positive_return,0.47808764940239046,0.5,0.47808764940239046,1.0,0.6469002695417789,0.3661775035762694,0.47808764940239046,1.0,1.0,251.0,0.5051526717557252,2022-02-03,2023-02-02
3,vrp_only_baseline_majority,next_21d_positive_return,0.7290836653386454,0.5,0.7290836653386454,1.0,0.8433179723502304,0.27091633466135456,0.7290836653386454,1.0,1.0,251.0,0.5,,
3,vrp_only_logistic,next_21d_positive_return,0.7290836653386454,0.5,0.7290836653386454,1.0,0.8433179723502304,0.20324055837134875,0.7290836653386454,1.0,1.0,251.0,0.4767759562841531,2023-02-03,2024-02-02
3,vrp_only_logistic_l2,next_21d_positive_return,0.7290836653386454,0.5,0.7290836653386454,1.0,0.8433179723502304,0.20324055837134875,0.7290836653386454,1.0,1.0,251.0,0.4767759562841531,2023-02-03,2024-02-02
3,vrp_only_logistic_elasticnet,next_21d_positive_return,0.7290836653386454,0.5,0.7290836653386454,1.0,0.8433179723502304,0.2031792256121609,0.7290836653386454,1.0,1.0,251.0,0.47774027643844424,2023-02-03,2024-02-02
3,vrp_only_random_forest,next_21d_positive_return,0.6613545816733067,0.46741401478624234,0.7149122807017544,0.8907103825136612,0.7931873479318735,0.2115233458813481,0.7290836653386454,0.9083665338645418,0.0,251.0,0.5546448087431693,2023-02-03,2024-02-02
4,vrp_only_baseline_majority,next_21d_positive_return,0.7550200803212851,0.5,0.7550200803212851,1.0,0.8604118993135011,0.24497991967871485,0.7550200803212851,1.0,1.0,249.0,0.5,,
4,vrp_only_logistic,next_21d_positive_return,0.714859437751004,0.4734042553191489,0.7447698744769874,0.9468085106382979,0.8337236533957846,0.21270859925210642,0.7550200803212851,0.9598393574297188,0.0,249.0,0.3910010463899547,2024-02-05,2025-01-31
4,vrp_only_logistic_l2,next_21d_positive_return,0.714859437751004,0.4734042553191489,0.7447698744769874,0.9468085106382979,0.8337236533957846,0.21270859925210642,0.7550200803212851,0.9598393574297188,0.0,249.0,0.3910010463899547,2024-02-05,2025-01-31
4,vrp_only_logistic_elasticnet,next_21d_positive_return,0.7188755020080321,0.47606382978723405,0.7458333333333333,0.9521276595744681,0.8364485981308412,0.2121073419967617,0.7550200803212851,0.963855421686747,0.0,249.0,0.3913498430415067,2024-02-05,2025-01-31
4,vrp_only_random_forest,next_21d_positive_return,0.5220883534136547,0.439876177188699,0.7197452229299363,0.601063829787234,0.6550724637681159,0.2471545782711915,0.7550200803212851,0.6305220883534136,0.0,249.0,0.4648587373561214,2024-02-05,2025-01-31
5,vrp_only_baseline_majority,next_21d_positive_return,0.7250996015936255,0.5,0.7250996015936255,1.0,0.8406466512702079,0.2749003984063745,0.7250996015936255,1.0,1.0,251.0,0.5,,
5,vrp_only_logistic,next_21d_positive_return,0.7171314741035857,0.4945054945054945,0.7228915662650602,0.989010989010989,0.8352668213457076,0.20429676820875095,0.7250996015936255,0.9920318725099602,0.0,251.0,0.5330466634814461,2025-02-03,2026-02-02
5,vrp_only_logistic_l2,next_21d_positive_return,0.7171314741035857,0.4945054945054945,0.7228915662650602,0.989010989010989,0.8352668213457076,0.20429676820875095,0.7250996015936255,0.9920318725099602,0.0,251.0,0.5330466634814461,2025-02-03,2026-02-02
5,vrp_only_logistic_elasticnet,next_21d_positive_return,0.7171314741035857,0.4945054945054945,0.7228915662650602,0.989010989010989,0.8352668213457076,0.20508435595219335,0.7250996015936255,0.9920318725099602,0.0,251.0,0.5256410256410257,2025-02-03,2026-02-02
5,vrp_only_random_forest,next_21d_positive_return,0.701195219123506,0.49701385570950785,0.7238493723849372,0.9505494505494505,0.8218527315914489,0.21380160664412645,0.7250996015936255,0.952191235059761,0.0,251.0,0.46711259754738016,2025-02-03,2026-02-02
6,vrp_only_baseline_majority,next_21d_positive_return,0.6301369863013698,0.5,0.6301369863013698,1.0,0.773109243697479,0.3698630136986301,0.6301369863013698,1.0,1.0,73.0,0.5,,
6,vrp_only_logistic,next_21d_positive_return,0.6301369863013698,0.5,0.6301369863013698,1.0,0.773109243697479,0.22840182643038107,0.6301369863013698,1.0,1.0,73.0,0.6755233494363929,2026-02-03,2026-05-18
6,vrp_only_logistic_l2,next_21d_positive_return,0.6301369863013698,0.5,0.6301369863013698,1.0,0.773109243697479,0.22840182643038107,0.6301369863013698,1.0,1.0,73.0,0.6755233494363929,2026-02-03,2026-05-18
6,vrp_only_logistic_elasticnet,next_21d_positive_return,0.6301369863013698,0.5,0.6301369863013698,1.0,0.773109243697479,0.22854703692929185,0.6301369863013698,1.0,1.0,73.0,0.6698872785829307,2026-02-03,2026-05-18
6,vrp_only_random_forest,next_21d_positive_return,0.6301369863013698,0.5,0.6301369863013698,1.0,0.773109243697479,0.27903732735741604,0.6301369863013698,1.0,1.0,73.0,0.35748792270531404,2026-02-03,2026-05-18
0,combined_baseline_majority,next_21d_positive_return,0.7786561264822134,0.5,0.7786561264822134,1.0,0.8755555555555555,0.22134387351778656,0.7786561264822134,1.0,1.0,253.0,0.5,,
0,combined_logistic,next_21d_positive_return,0.7707509881422925,0.4949238578680203,0.7768924302788844,0.9898477157360406,0.8705357142857143,0.17510691688994637,0.7786561264822134,0.9920948616600791,0.0,253.0,0.6114938361131255,2020-02-03,2021-02-02
0,combined_logistic_l2,next_21d_positive_return,0.7707509881422925,0.4949238578680203,0.7768924302788844,0.9898477157360406,0.8705357142857143,0.17510691688994637,0.7786561264822134,0.9920948616600791,0.0,253.0,0.6114938361131255,2020-02-03,2021-02-02
0,combined_logistic_elasticnet,next_21d_positive_return,0.758893280632411,0.4873096446700508,0.7741935483870968,0.9746192893401016,0.8629213483146068,0.18029399737145335,0.7786561264822134,0.9802371541501976,0.0,253.0,0.6127628716461204,2020-02-03,2021-02-02
0,combined_random_forest,next_21d_positive_return,0.6363636363636364,0.6259064539521393,0.8523489932885906,0.6446700507614214,0.7341040462427746,0.20511159574448723,0.7786561264822134,0.5889328063241107,0.0,253.0,0.6531907179115302,2020-02-03,2021-02-02
1,combined_baseline_majority,next_21d_positive_return,0.6956521739130435,0.5,0.6956521739130435,1.0,0.8205128205128205,0.30434782608695654,0.6956521739130435,1.0,1.0,253.0,0.5,,
1,combined_logistic,next_21d_positive_return,0.6956521739130435,0.5,0.6956521739130435,1.0,0.8205128205128205,0.20578151402162803,0.6956521739130435,1.0,1.0,253.0,0.6023465171192444,2021-02-03,2022-02-02
1,combined_logistic_l2,next_21d_positive_return,0.6956521739130435,0.5,0.6956521739130435,1.0,0.8205128205128205,0.20578151402162803,0.6956521739130435,1.0,1.0,253.0,0.6023465171192444,2021-02-03,2022-02-02
1,combined_logistic_elasticnet,next_21d_positive_return,0.6956521739130435,0.5,0.6956521739130435,1.0,0.8205128205128205,0.20586406042015443,0.6956521739130435,1.0,1.0,253.0,0.6129722550177096,2021-02-03,2022-02-02
1,combined_random_forest,next_21d_positive_return,0.616600790513834,0.4906655844155844,0.6908212560386473,0.8125,0.7467362924281984,0.22743620071848294,0.6956521739130435,0.8181818181818182,0.0,253.0,0.5121753246753247,2021-02-03,2022-02-02
2,combined_baseline_majority,next_21d_positive_return,0.47808764940239046,0.5,0.47808764940239046,1.0,0.6469002695417789,0.5219123505976095,0.47808764940239046,1.0,1.0,251.0,0.5,,
2,combined_logistic,next_21d_positive_return,0.47808764940239046,0.5,0.47808764940239046,1.0,0.6469002695417789,0.33685952517307716,0.47808764940239046,1.0,1.0,251.0,0.894529262086514,2022-02-03,2023-02-02
2,combined_logistic_l2,next_21d_positive_return,0.47808764940239046,0.5,0.47808764940239046,1.0,0.6469002695417789,0.33685952517307716,0.47808764940239046,1.0,1.0,251.0,0.894529262086514,2022-02-03,2023-02-02
2,combined_logistic_elasticnet,next_21d_positive_return,0.47808764940239046,0.5,0.47808764940239046,1.0,0.6469002695417789,0.3313941990280403,0.47808764940239046,1.0,1.0,251.0,0.8938931297709924,2022-02-03,2023-02-02
2,combined_random_forest,next_21d_positive_return,0.50199203187251,0.5229007633587787,0.4897959183673469,1.0,0.6575342465753424,0.44020921656064677,0.47808764940239046,0.9760956175298805,0.0,251.0,0.5206743002544529,2022-02-03,2023-02-02
3,combined_baseline_majority,next_21d_positive_return,0.7290836653386454,0.5,0.7290836653386454,1.0,0.8433179723502304,0.27091633466135456,0.7290836653386454,1.0,1.0,251.0,0.5,,
3,combined_logistic,next_21d_positive_return,0.7171314741035857,0.4918032786885246,0.7258064516129032,0.9836065573770492,0.8352668213457076,0.20694148627010578,0.7290836653386454,0.9880478087649402,0.0,251.0,0.4922854387656701,2023-02-03,2024-02-02
3,combined_logistic_l2,next_21d_positive_return,0.7171314741035857,0.4918032786885246,0.7258064516129032,0.9836065573770492,0.8352668213457076,0.20694148627010578,0.7290836653386454,0.9880478087649402,0.0,251.0,0.4922854387656701,2023-02-03,2024-02-02
3,combined_logistic_elasticnet,next_21d_positive_return,0.7171314741035857,0.4918032786885246,0.7258064516129032,0.9836065573770492,0.8352668213457076,0.20605139868808542,0.7290836653386454,0.9880478087649402,0.0,251.0,0.49196399871423985,2023-02-03,2024-02-02
3,combined_random_forest,next_21d_positive_return,0.6215139442231076,0.5001607200257152,0.7291666666666666,0.7650273224043715,0.7466666666666667,0.218466821906283,0.7290836653386454,0.7649402390438247,0.0,251.0,0.5606718097074895,2023-02-03,2024-02-02
4,combined_baseline_majority,next_21d_positive_return,0.7550200803212851,0.5,0.7550200803212851,1.0,0.8604118993135011,0.24497991967871485,0.7550200803212851,1.0,1.0,249.0,0.5,,
4,combined_logistic,next_21d_positive_return,0.6827309236947792,0.4521276595744681,0.7359307359307359,0.9042553191489362,0.8114558472553699,0.2217521184031185,0.7550200803212851,0.927710843373494,0.0,249.0,0.4012033484478549,2024-02-05,2025-01-31
4,combined_logistic_l2,next_21d_positive_return,0.6827309236947792,0.4521276595744681,0.7359307359307359,0.9042553191489362,0.8114558472553699,0.2217521184031185,0.7550200803212851,0.927710843373494,0.0,249.0,0.4012033484478549,2024-02-05,2025-01-31
4,combined_logistic_elasticnet,next_21d_positive_return,0.6947791164658634,0.4601063829787234,0.7393162393162394,0.9202127659574468,0.8199052132701422,0.22260613517642858,0.7550200803212851,0.9397590361445783,0.0,249.0,0.396668991977677,2024-02-05,2025-01-31
4,combined_random_forest,next_21d_positive_return,0.5542168674698795,0.43346703871642833,0.72,0.6702127659574468,0.6942148760330579,0.23545217304144211,0.7550200803212851,0.7028112449799196,0.0,249.0,0.5582490408092082,2024-02-05,2025-01-31
5,combined_baseline_majority,next_21d_positive_return,0.7250996015936255,0.5,0.7250996015936255,1.0,0.8406466512702079,0.2749003984063745,0.7250996015936255,1.0,1.0,251.0,0.5,,
5,combined_logistic,next_21d_positive_return,0.7171314741035857,0.4945054945054945,0.7228915662650602,0.989010989010989,0.8352668213457076,0.2125916956408844,0.7250996015936255,0.9920318725099602,0.0,251.0,0.3929765886287625,2025-02-03,2026-02-02
5,combined_logistic_l2,next_21d_positive_return,0.7171314741035857,0.4945054945054945,0.7228915662650602,0.989010989010989,0.8352668213457076,0.2125916956408844,0.7250996015936255,0.9920318725099602,0.0,251.0,0.3929765886287625,2025-02-03,2026-02-02
5,combined_logistic_elasticnet,next_21d_positive_return,0.7171314741035857,0.4945054945054945,0.7228915662650602,0.989010989010989,0.8352668213457076,0.21084598372811628,0.7250996015936255,0.9920318725099602,0.0,251.0,0.41455645803471886,2025-02-03,2026-02-02
5,combined_random_forest,next_21d_positive_return,0.6812749003984063,0.550764452938366,0.75,0.8406593406593407,0.7927461139896373,0.2289878812659648,0.7250996015936255,0.8127490039840638,0.0,251.0,0.49163879598662213,2025-02-03,2026-02-02
6,combined_baseline_majority,next_21d_positive_return,0.6301369863013698,0.5,0.6301369863013698,1.0,0.773109243697479,0.3698630136986301,0.6301369863013698,1.0,1.0,73.0,0.5,,
6,combined_logistic,next_21d_positive_return,0.6301369863013698,0.5,0.6301369863013698,1.0,0.773109243697479,0.2291225528752879,0.6301369863013698,1.0,1.0,73.0,0.6731078904991948,2026-02-03,2026-05-18
6,combined_logistic_l2,next_21d_positive_return,0.6301369863013698,0.5,0.6301369863013698,1.0,0.773109243697479,0.2291225528752879,0.6301369863013698,1.0,1.0,73.0,0.6731078904991948,2026-02-03,2026-05-18
6,combined_logistic_elasticnet,next_21d_positive_return,0.6301369863013698,0.5,0.6301369863013698,1.0,0.773109243697479,0.22824502219794363,0.6301369863013698,1.0,1.0,73.0,0.6884057971014493,2026-02-03,2026-05-18
6,combined_random_forest,next_21d_positive_return,0.5753424657534246,0.46417069243156195,0.6119402985074627,0.8913043478260869,0.7256637168141593,0.3094592133460745,0.6301369863013698,0.9178082191780822,0.0,73.0,0.2777777777777778,2026-02-03,2026-05-18
