split,model_family,coef_name,coef_value,t_value
0,price_only,const,0.005592838401516852,1.9509841320313763
0,price_only,log_return,-0.0639004304037619,-0.9451914848032168
0,price_only,return_5d,0.013036269930901286,0.2871518746605673
0,price_only,return_21d,0.07633510498283091,2.1944639825052907
0,price_only,return_63d,0.007925138406227826,0.4297362507559439
0,price_only,rolling_vol_5d,0.21114484149134638,1.1717617666115165
0,price_only,rolling_vol_21d,-0.4009649348470424,-1.1509397148410705
0,price_only,rolling_vol_63d,-0.6807381896969462,-1.7561296646106288
0,price_only,rolling_drawdown,-0.1744056279007159,-4.244664457419193
0,price_only,dist_from_ma_20,-0.05033693495983653,-0.5812768986918513
0,price_only,dist_from_ma_50,0.015599474003096263,0.2322667616571951
0,price_only,dist_from_ma_200,-0.034877527893547124,-1.234896079759127
1,price_only,const,0.0026049239420130395,1.4971577385333132
1,price_only,log_return,0.025459485858675496,0.4414206396999676
1,price_only,return_5d,-0.02503487820487105,-0.5969506733014892
1,price_only,return_21d,-0.030110428560887994,-0.9843318961225804
1,price_only,return_63d,0.01230877446055306,0.8063455125163324
1,price_only,rolling_vol_5d,-1.0131162849044948,-6.10895612896349
1,price_only,rolling_vol_21d,0.08541408833492724,0.2528922935811683
1,price_only,rolling_vol_63d,0.1277265641891526,0.41310935211142286
1,price_only,rolling_drawdown,-0.2083651369822247,-4.325003509505
1,price_only,dist_from_ma_20,0.02772134458784717,0.3396036012381181
1,price_only,dist_from_ma_50,-0.010528692715545185,-0.15409227729587832
1,price_only,dist_from_ma_200,-0.0019062488541907166,-0.0797948457709474
2,price_only,const,0.0008138891800031475,0.5205399049181098
2,price_only,log_return,0.010774129139663753,0.19986342747994032
2,price_only,return_5d,-0.03681405543269167,-0.9433843359108192
2,price_only,return_21d,-0.02514512449843103,-0.8757507313307527
2,price_only,return_63d,0.010874936630943084,0.761393303440805
2,price_only,rolling_vol_5d,-0.8367763427976957,-5.447061632814161
2,price_only,rolling_vol_21d,-0.11191721789774677,-0.36159268494664787
2,price_only,rolling_vol_63d,0.38630683893740747,1.3372167259749876
2,price_only,rolling_drawdown,-0.18425467063103002,-4.042879748970703
2,price_only,dist_from_ma_20,0.06314869342405836,0.8302984496763411
2,price_only,dist_from_ma_50,-0.08017300992520918,-1.2814653811892578
2,price_only,dist_from_ma_200,0.03565488636853792,1.9013525203538792
3,price_only,const,-0.0006466556572178924,-0.3969841768025374
3,price_only,log_return,-0.0042739052527151055,-0.08448499969286066
3,price_only,return_5d,-0.03082557995381861,-0.8403246245964219
3,price_only,return_21d,0.00503266653774852,0.18563996972808208
3,price_only,return_63d,-0.018332931224192068,-1.349985745609351
3,price_only,rolling_vol_5d,-0.767228736610904,-5.400377819698589
3,price_only,rolling_vol_21d,-0.23475910284950594,-0.8580688273519846
3,price_only,rolling_vol_63d,1.064725034611689,4.5992236245227796
3,price_only,rolling_drawdown,-0.025975475289694367,-1.1087212390422965
3,price_only,dist_from_ma_20,0.053811931353766905,0.8088401912378644
3,price_only,dist_from_ma_50,-0.19985926613873917,-3.8930839865000153
3,price_only,dist_from_ma_200,0.06173652009280861,3.2035473098184553
4,price_only,const,-0.00013843588575030775,-0.0881660935184031
4,price_only,log_return,-0.008234977707698186,-0.17169959277969063
4,price_only,return_5d,-0.02818693584576881,-0.8106433664249669
4,price_only,return_21d,0.007506874961800056,0.2958333017182989
4,price_only,return_63d,-0.012632174892244573,-1.0027183763046266
4,price_only,rolling_vol_5d,-0.7228813930343782,-5.367941059789891
4,price_only,rolling_vol_21d,-0.28332091380156377,-1.1213548763210937
4,price_only,rolling_vol_63d,1.0602772213000504,4.824683056474391
4,price_only,rolling_drawdown,-0.02665073220639065,-1.3243086107410849
4,price_only,dist_from_ma_20,0.0661148917873254,1.0822826668597765
4,price_only,dist_from_ma_50,-0.20143104391792296,-4.2709016643996165
4,price_only,dist_from_ma_200,0.0531559121579522,2.94548351315142
5,price_only,const,-0.00019470092493387232,-0.1278310197784614
5,price_only,log_return,-0.0037248026155328974,-0.08140686815477022
5,price_only,return_5d,-0.019710209434483587,-0.597272751692194
5,price_only,return_21d,0.015522130783712635,0.6436380284063753
5,price_only,return_63d,-0.011766289004303359,-0.9808201769927062
5,price_only,rolling_vol_5d,-0.7273320657251582,-5.649189871426012
5,price_only,rolling_vol_21d,-0.2032328173193238,-0.8425721734344772
5,price_only,rolling_vol_63d,1.007017087927702,4.773324984106046
5,price_only,rolling_drawdown,-0.0269194803030707,-1.3906345026779878
5,price_only,dist_from_ma_20,0.0312290628220611,0.5370893584668975
5,price_only,dist_from_ma_50,-0.1936515943797339,-4.2923078640013825
5,price_only,dist_from_ma_200,0.05648092022730525,3.389405632988047
6,price_only,const,-0.001131991901240779,-0.7492302306143371
6,price_only,log_return,-0.0022183699520685247,-0.05126044246464916
6,price_only,return_5d,-0.02688671731855974,-0.8576463226062937
6,price_only,return_21d,0.031315951858641916,1.360512707477342
6,price_only,return_63d,-0.007198341100816978,-0.6360074600355076
6,price_only,rolling_vol_5d,-0.8292247040072648,-7.200801989106732
6,price_only,rolling_vol_21d,0.1624802469504941,0.7594523914024041
6,price_only,rolling_vol_63d,0.9060809885485839,4.717497210609519
6,price_only,rolling_drawdown,-0.01574741537627061,-0.8488307664627806
6,price_only,dist_from_ma_20,-0.037332639720275146,-0.6716337396670456
6,price_only,dist_from_ma_50,-0.1557314148551194,-3.602735387473444
6,price_only,dist_from_ma_200,0.04450339144390295,2.773087811788779
0,realized_vol_only,const,0.012787601640085315,3.366979095536022
0,realized_vol_only,realized_variance_5d,-0.03261779830973385,-0.6242874744510633
0,realized_vol_only,realized_variance_21d,-0.2639518099986076,-1.8390033951332978
0,realized_vol_only,realized_variance_63d,1.1660065748870552,4.761952813913956
0,realized_vol_only,realized_vol_annualized_5d,0.04595636072683758,2.059166104931036
0,realized_vol_only,realized_vol_annualized_21d,0.07025579149592534,1.3987508744358075
0,realized_vol_only,realized_vol_annualized_63d,-0.3170935735157005,-4.361471100450312
1,realized_vol_only,const,0.02283507827702925,6.509949024510478
1,realized_vol_only,realized_variance_5d,-0.06381887601112372,-6.070902200701311
1,realized_vol_only,realized_variance_21d,-0.3982025264241603,-5.005546795732364
1,realized_vol_only,realized_variance_63d,1.8583070844950078,7.109580216227498
1,realized_vol_only,realized_vol_annualized_5d,0.020590248768266137,1.6403511492603597
1,realized_vol_only,realized_vol_annualized_21d,0.11297578889279764,3.4914958348580933
1,realized_vol_only,realized_vol_annualized_63d,-0.4932237105498419,-6.393988184956569
2,realized_vol_only,const,-0.00023255859477611367,-0.12101095162329542
2,realized_vol_only,realized_variance_5d,-0.07410074294980758,-7.287399201714044
2,realized_vol_only,realized_variance_21d,0.1288632944032018,6.2857043420647765
2,realized_vol_only,realized_variance_63d,-0.03385508063526292,-0.9601352666442877
2,realized_vol_only,realized_vol_annualized_5d,0.03751100039603183,3.1854886649043905
2,realized_vol_only,realized_vol_annualized_21d,-0.06797477920802783,-3.3485645439324334
2,realized_vol_only,realized_vol_annualized_63d,0.048371466012735356,1.9740232890715628
3,realized_vol_only,const,-0.00022914633403462015,-0.12402832505241257
3,realized_vol_only,realized_variance_5d,-0.0750751993289823,-7.671431538489189
3,realized_vol_only,realized_variance_21d,0.12533270206082492,6.319974523455711
3,realized_vol_only,realized_variance_63d,-0.028268226301599274,-0.8210062552689098
3,realized_vol_only,realized_vol_annualized_5d,0.03909860608489418,3.5498021885768485
3,realized_vol_only,realized_vol_annualized_21d,-0.06438805078186795,-3.336595040882108
3,realized_vol_only,realized_vol_annualized_63d,0.0433492628232967,1.8175465534269826
4,realized_vol_only,const,0.0022856746823674058,1.300468328050144
4,realized_vol_only,realized_variance_5d,-0.06865124426213837,-6.783376251730754
4,realized_vol_only,realized_variance_21d,0.12558109793081215,6.093388433483353
4,realized_vol_only,realized_variance_63d,0.006968001356250689,0.20367021088468698
4,realized_vol_only,realized_vol_annualized_5d,0.029330197137144583,2.6959121374124138
4,realized_vol_only,realized_vol_annualized_21d,-0.06099844069237669,-3.1254172276833705
4,realized_vol_only,realized_vol_annualized_63d,0.019614947803048642,0.8395064289894474
5,realized_vol_only,const,0.0025404390094721113,1.5119341475927406
5,realized_vol_only,realized_variance_5d,-0.06807582626784844,-6.976308265023094
5,realized_vol_only,realized_variance_21d,0.12449142378274515,6.254343194636047
5,realized_vol_only,realized_variance_63d,0.0036944383928166295,0.11185219253551354
5,realized_vol_only,realized_vol_annualized_5d,0.028002801033258376,2.703981119619563
5,realized_vol_only,realized_vol_annualized_21d,-0.05940060952891256,-3.17388728920063
5,realized_vol_only,realized_vol_annualized_63d,0.02057080511206607,0.9162618736534882
6,realized_vol_only,const,0.002387002098500386,1.4345331024832189
6,realized_vol_only,realized_variance_5d,-0.06611470419350987,-6.8612380301089155
6,realized_vol_only,realized_variance_21d,0.12310111070487129,6.289683838151952
6,realized_vol_only,realized_variance_63d,0.0035672578382740273,0.10888494711804342
6,realized_vol_only,realized_vol_annualized_5d,0.025642658616946156,2.5678530944152267
6,realized_vol_only,realized_vol_annualized_21d,-0.05784359158333364,-3.1957325207612195
6,realized_vol_only,realized_vol_annualized_63d,0.021195642949286955,0.9597519868174371
7,realized_vol_only,const,0.001005285395259347,0.6439857465436918
7,realized_vol_only,realized_variance_5d,-0.06918254551447926,-7.577182596465839
7,realized_vol_only,realized_variance_21d,0.12124403437603225,6.494570239305416
7,realized_vol_only,realized_variance_63d,-0.007702521305672011,-0.24967538983244467
7,realized_vol_only,realized_vol_annualized_5d,0.028366564069762876,3.0410394463901325
7,realized_vol_only,realized_vol_annualized_21d,-0.0510271902938385,-3.100152247851477
7,realized_vol_only,realized_vol_annualized_63d,0.02616069596077983,1.3158560881370953
0,vrp_only,const,0.012650022966102847,1.6973352884231048
0,vrp_only,vix_level,-0.002272989043096927,-2.5029552763163574
0,vrp_only,vix_daily_change,-0.00011873248687720392,-0.31338368510588593
0,vrp_only,vix_5d_change,-0.00012344080452588924,-0.5158271195461653
0,vrp_only,vix_pct_252d,-0.0035085892649308393,-1.1131699255055831
0,vrp_only,implied_variance,0.9414098379297797,4.071587012489791
0,vrp_only,VRP_5d,0.00016347545646622046,0.006514030088477042
0,vrp_only,VRP_21d,0.31371675736814,2.753626290245214
0,vrp_only,VRP_63d,-0.16804845721288708,-3.0137187079341476
0,vrp_only,vrp_ratio,-0.0002116385268804342,-0.4227421396236112
0,vrp_only,vrp_zscore_252d,-0.003569137133229798,-2.4256132214203237
0,vrp_only,vrp_pct_252d,0.004290096377175755,1.1749369501429792
1,vrp_only,const,0.00458258723673454,1.2738043950888662
1,vrp_only,vix_level,-0.0009109697906251519,-2.5647275921768142
1,vrp_only,vix_daily_change,-0.0009507341798495177,-2.696801192730292
1,vrp_only,vix_5d_change,3.299782403186753e-05,0.14698968527386677
1,vrp_only,vix_pct_252d,0.0005702059496162362,0.18736926143333463
1,vrp_only,implied_variance,0.27484737037908114,4.42679114743916
1,vrp_only,VRP_5d,0.10614101488958066,8.272844058410469
1,vrp_only,VRP_21d,-0.021810628788084617,-1.363256240997455
1,vrp_only,VRP_63d,-0.00656192804065631,-0.480577450074552
1,vrp_only,vrp_ratio,-0.00033653364556324227,-0.6385203919936611
1,vrp_only,vrp_zscore_252d,-0.0021580666731939556,-2.4281563540646456
1,vrp_only,vrp_pct_252d,0.007876827786310646,2.323061830392535
2,vrp_only,const,0.003243311304993868,0.9910864831753221
2,vrp_only,vix_level,-0.0006653034391297705,-2.205408679883111
2,vrp_only,vix_daily_change,-0.0008752582894861519,-2.7759167882273847
2,vrp_only,vix_5d_change,4.1010524637372644e-05,0.20628243129243262
2,vrp_only,vix_pct_252d,-0.0012079635701047497,-0.4844843853279643
2,vrp_only,implied_variance,0.2436201041059409,4.390109400661028
2,vrp_only,VRP_5d,0.10445261774234468,8.549967670473517
2,vrp_only,VRP_21d,-0.024502362494052535,-1.5876456389593812
2,vrp_only,VRP_63d,-0.0021007454770325677,-0.1621999542204573
2,vrp_only,vrp_ratio,-0.0003936120141454839,-0.8457708540200922
2,vrp_only,vrp_zscore_252d,-0.0016905526763639576,-2.061250420169967
2,vrp_only,vrp_pct_252d,0.006527212679127994,2.0760360911036666
3,vrp_only,const,0.005233451045936881,1.5797983329339245
3,vrp_only,vix_level,-0.0009153778135014076,-3.139851773067878
3,vrp_only,vix_daily_change,-0.000897355775794579,-2.8703319433364998
3,vrp_only,vix_5d_change,-8.675945363993188e-05,-0.4359639478177436
3,vrp_only,vix_pct_252d,-0.002641490665585347,-1.0890177504338696
3,vrp_only,implied_variance,0.28681638098217715,5.246659555945204
3,vrp_only,VRP_5d,0.1058431232999789,8.767941996183858
3,vrp_only,VRP_21d,-0.028658435357630897,-1.7715912046485258
3,vrp_only,VRP_63d,-0.0039353516658478535,-0.29167529706942397
3,vrp_only,vrp_ratio,-0.00043758279936926896,-0.9145077648068772
3,vrp_only,vrp_zscore_252d,-0.0012632095351436438,-1.492149941304762
3,vrp_only,vrp_pct_252d,0.008648663196981328,2.711743195842776
4,vrp_only,const,0.0061021161562643065,1.9278010619305437
4,vrp_only,vix_level,-0.0009438691780449382,-3.4086069794895635
4,vrp_only,vix_daily_change,-0.0008509574135754461,-2.8360480330573883
4,vrp_only,vix_5d_change,-8.985130925537919e-05,-0.47320912055980247
4,vrp_only,vix_pct_252d,-0.0025332438480818783,-1.2052141806686887
4,vrp_only,implied_variance,0.28949241195008674,5.542824791076853
4,vrp_only,VRP_5d,0.10604902822657304,9.074304029053895
4,vrp_only,VRP_21d,-0.027489439831187203,-1.7515808260334538
4,vrp_only,VRP_63d,-0.0032602087206389675,-0.24907157456433499
4,vrp_only,vrp_ratio,-0.0004787902491362403,-1.0726353683082852
4,vrp_only,vrp_zscore_252d,-0.0012828775360399082,-1.5637877788278993
4,vrp_only,vrp_pct_252d,0.008237844140825323,2.7912492476025093
5,vrp_only,const,0.006181518691205885,2.0426491419573485
5,vrp_only,vix_level,-0.0008856348536532535,-3.308492398758745
5,vrp_only,vix_daily_change,-0.0008796141730741398,-3.146374190441544
5,vrp_only,vix_5d_change,-7.667087842512868e-05,-0.4360251052234374
5,vrp_only,vix_pct_252d,-0.0015274721610116417,-0.7894911071742481
5,vrp_only,implied_variance,0.2782848003074431,5.4809923020524565
5,vrp_only,VRP_5d,0.1058991813288352,9.322473115563762
5,vrp_only,VRP_21d,-0.03239816442444167,-2.1414895699825394
5,vrp_only,VRP_63d,0.0012068872814145143,0.09434441079822292
5,vrp_only,vrp_ratio,-0.00043077817502366417,-1.0086732790545663
5,vrp_only,vrp_zscore_252d,-0.0006908006243271811,-0.9166404750213802
5,vrp_only,vrp_pct_252d,0.006360168335338668,2.294059045956941
6,vrp_only,const,0.0027422251566978553,0.9937523489672977
6,vrp_only,vix_level,-0.000561333227482232,-2.311577104457744
6,vrp_only,vix_daily_change,-0.0006525535971787802,-2.535839641900259
6,vrp_only,vix_5d_change,4.261540546437197e-06,0.02609546026900316
6,vrp_only,vix_pct_252d,-0.0027391944943832907,-1.4587682197182812
6,vrp_only,implied_variance,0.2247646910419263,5.023811506297721
6,vrp_only,VRP_5d,0.09205712178626359,10.05174888622266
6,vrp_only,VRP_21d,-0.039461677780810174,-2.692935019019271
6,vrp_only,VRP_63d,-0.0033305863613693493,-0.2719342630189929
6,vrp_only,vrp_ratio,-0.00041709100942700493,-1.0187610626097932
6,vrp_only,vrp_zscore_252d,-0.0009608307436270063,-1.3437347811711782
6,vrp_only,vrp_pct_252d,0.007078304204538828,2.659883416539099
0,combined,const,0.012106104504393098,1.4081508252345134
0,combined,log_return,-0.17655014078034909,-1.4997656272248323
0,combined,return_5d,0.011364646008498909,0.14014049070648432
0,combined,return_21d,0.024566887445995007,0.6624882701649056
0,combined,return_63d,0.019759814336442368,1.0222536984242336
0,combined,rolling_vol_5d,0.0038479002631699815,2.5301255792009085
0,combined,rolling_vol_21d,0.012642515494400488,2.012803927658414
0,combined,rolling_vol_63d,-0.01984622169015052,-3.6938874344819532
0,combined,rolling_drawdown,-0.11318132496200238,-2.1299345696872045
0,combined,dist_from_ma_20,0.15804503652941929,1.512421399213596
0,combined,dist_from_ma_50,-0.09362869976057828,-1.304335429292562
0,combined,dist_from_ma_200,0.026465041110353953,0.8915571750643986
0,combined,realized_variance_5d,0.20656532313538523,3.5244309376720526
0,combined,realized_variance_21d,-0.21413780826619977,-1.7017138858144605
0,combined,realized_variance_63d,0.8239899122511383,4.38579695233885
0,combined,realized_vol_annualized_5d,0.061083522995240176,2.5301255791373904
0,combined,realized_vol_annualized_21d,0.20069371166317662,2.0128039276353067
0,combined,realized_vol_annualized_63d,-0.31504900233875616,-3.693887434485427
0,combined,vix_level,-0.002578681333483404,-1.9842029673450308
0,combined,vix_daily_change,-0.0007556336243373662,-1.1739685658908339
0,combined,vix_5d_change,-9.298400783501248e-05,-0.21953971440022993
0,combined,vix_pct_252d,-0.011603421129138808,-3.325470249226415
0,combined,implied_variance,0.5099349170251851,4.622273283997299
0,combined,VRP_5d,0.3033695938897442,4.6915133085504115
0,combined,VRP_21d,0.7240727252914134,4.721575314187741
0,combined,VRP_63d,-0.31405499522599345,-2.1550890815833754
0,combined,vrp_ratio,0.000611380500308804,0.7698767246380381
0,combined,vrp_zscore_252d,-0.005317056325823212,-3.282144616595071
0,combined,vrp_pct_252d,0.011555011586654104,2.525830471854742
1,combined,const,0.014137917101810829,3.732083703586234
1,combined,log_return,-0.2617897671581047,-2.936268703980721
1,combined,return_5d,-0.2639029082071451,-4.626585678165725
1,combined,return_21d,-0.04543176282937669,-1.4839643924497592
1,combined,return_63d,-0.0007418544566067799,-0.047317372480914124
1,combined,rolling_vol_5d,0.002139957268588857,2.1765681480368904
1,combined,rolling_vol_21d,-0.021268954276526864,-6.85677195561025
1,combined,rolling_vol_63d,-0.001364126582029845,-0.6267346317034848
1,combined,rolling_drawdown,-0.2226665933091026,-4.4795787943866765
1,combined,dist_from_ma_20,0.20914826811492424,2.428214498046047
1,combined,dist_from_ma_50,0.08519805387083539,1.2548761511266886
1,combined,dist_from_ma_200,-0.06531584779791026,-2.462974545742405
1,combined,realized_variance_5d,-0.02955665977046991,-2.687310100802521
1,combined,realized_variance_21d,0.1383451042730358,7.567657669335728
1,combined,realized_variance_63d,0.022385311772916326,0.9088296678395238
1,combined,realized_vol_annualized_5d,0.033970768493948936,2.1765681480370134
1,combined,realized_vol_annualized_21d,-0.3376341819725466,-6.85677195561034
1,combined,realized_vol_annualized_63d,-0.021654838157185035,-0.6267346317035993
1,combined,vix_level,0.0020751063701581226,3.2501219955782132
1,combined,vix_daily_change,-0.0014899269437870905,-2.9666142522117407
1,combined,vix_5d_change,-0.001060498074777752,-3.477977791892997
1,combined,vix_pct_252d,-0.004622762319822933,-1.3172058078114963
1,combined,implied_variance,0.05264136724531118,1.716229244309846
1,combined,VRP_5d,0.08219802701578119,3.6373810438847936
1,combined,VRP_21d,-0.08570373702772548,-2.9740643932213677
1,combined,VRP_63d,0.030256055472394808,1.225541323140916
1,combined,vrp_ratio,-0.001872597728026745,-2.803085697886785
1,combined,vrp_zscore_252d,-0.0030517589464998883,-3.363861977916607
1,combined,vrp_pct_252d,-0.009271678430215223,-2.0809346534636197
2,combined,const,0.014510431124114839,4.097581419955589
2,combined,log_return,-0.2353243614444745,-2.7918319283698687
2,combined,return_5d,-0.2497522540764637,-4.6334760497310485
2,combined,return_21d,-0.057905451703993166,-2.0228211929992317
2,combined,return_63d,-0.003476531737339044,-0.2373409548792966
2,combined,rolling_vol_5d,0.0028701665062952353,3.2363057747461754
2,combined,rolling_vol_21d,-0.02032419902624082,-7.289892872185151
2,combined,rolling_vol_63d,-0.0006765115255670807,-0.33298608916095324
2,combined,rolling_drawdown,-0.21102764348005032,-4.525444455831811
2,combined,dist_from_ma_20,0.25538716677631795,3.1459959128620123
2,combined,dist_from_ma_50,0.05177766244338903,0.8288075377722333
2,combined,dist_from_ma_200,-0.05980663106140961,-2.458652864879749
2,combined,realized_variance_5d,-0.030110043104997517,-3.0587507263511706
2,combined,realized_variance_21d,0.13401700942302047,7.761565085351285
2,combined,realized_variance_63d,0.022281853704153205,0.962998544673139
2,combined,realized_vol_annualized_5d,0.045562480782056484,3.2363057747481254
2,combined,realized_vol_annualized_21d,-0.3226366573200855,-7.289892872185098
2,combined,realized_vol_annualized_63d,-0.01073928753432182,-0.33298608916111944
2,combined,vix_level,0.0017876959427525997,3.31413671404399
2,combined,vix_daily_change,-0.0013557394025518364,-2.95293216800586
2,combined,vix_5d_change,-0.0009902217974759359,-3.581494107524383
2,combined,vix_pct_252d,-0.00698708760047486,-2.2184075425194294
2,combined,implied_variance,0.06141578103960976,2.2264781255299524
2,combined,VRP_5d,0.09152582414460654,4.443669110982521
2,combined,VRP_21d,-0.07260122838341145,-2.80314796795672
2,combined,VRP_63d,0.03913392733545671,1.714525920468739
2,combined,vrp_ratio,-0.0020876785590111754,-3.3952009407325816
2,combined,vrp_zscore_252d,-0.0025211206673989937,-3.0271224810980963
2,combined,vrp_pct_252d,-0.00733052371743078,-1.8449434511167189
3,combined,const,0.01500596529950974,4.018109225744847
3,combined,log_return,-0.19288780850839587,-2.498218696534503
3,combined,return_5d,-0.20284437429872282,-4.088871536200268
3,combined,return_21d,-0.010097360041675036,-0.375324804248011
3,combined,return_63d,-0.028858087067254488,-2.1044740074866435
3,combined,rolling_vol_5d,0.0023174932744934123,2.6370533504549503
3,combined,rolling_vol_21d,-0.015077116725323792,-5.443517019672979
3,combined,rolling_vol_63d,0.0018614479968280086,0.9037207290094106
3,combined,rolling_drawdown,-0.03519106015123226,-1.351294276191499
3,combined,dist_from_ma_20,0.20466442177347852,3.0007577304086026
3,combined,dist_from_ma_50,-0.13855742240504026,-2.657068217548201
3,combined,dist_from_ma_200,0.01715703255467011,0.7087109562042789
3,combined,realized_variance_5d,-0.0032920394055993727,-0.3336802976693541
3,combined,realized_variance_21d,0.13410240799560375,7.498055843889766
3,combined,realized_variance_63d,0.061621475191291186,2.5787739202082536
3,combined,realized_vol_annualized_5d,0.03678906521624089,2.637053350454685
3,combined,realized_vol_annualized_21d,-0.23934180805860195,-5.443517019673086
3,combined,realized_vol_annualized_63d,0.02954957086852296,0.903720729009582
3,combined,vix_level,0.0003703227369619571,0.6725411385886201
3,combined,vix_daily_change,-0.0013690997751216218,-2.988066170218223
3,combined,vix_5d_change,-0.0009990649976826965,-3.6212804160510204
3,combined,vix_pct_252d,-0.004591497221364923,-1.4937585561273652
3,combined,implied_variance,0.11186125144035015,3.960900324285985
3,combined,VRP_5d,0.11515329084594987,5.372802811844438
3,combined,VRP_21d,-0.022241156555253296,-0.8372871186167957
3,combined,VRP_63d,0.050239776249059766,2.070531395660215
3,combined,vrp_ratio,-0.0019388761486883992,-3.0183166610087606
3,combined,vrp_zscore_252d,-0.0019212313499100448,-2.20920546588576
3,combined,vrp_pct_252d,0.002620091042901252,0.6519831397453746
4,combined,const,0.01653684122154485,4.604419410857296
4,combined,log_return,-0.17910519050474372,-2.448271569010113
4,combined,return_5d,-0.19432502285859482,-4.128722019797604
4,combined,return_21d,-0.007845619399017522,-0.31066128438039803
4,combined,return_63d,-0.019955758734739534,-1.5675416776503956
4,combined,rolling_vol_5d,0.002386086303460464,2.8751302926169835
4,combined,rolling_vol_21d,-0.015929337857930714,-5.963663535773091
4,combined,rolling_vol_63d,0.002089692446761216,1.043736281335073
4,combined,rolling_drawdown,-0.015280226914918621,-0.6432805904695468
4,combined,dist_from_ma_20,0.19052180712903913,3.001253193776069
4,combined,dist_from_ma_50,-0.12712658251217968,-2.619773906839226
4,combined,dist_from_ma_200,-0.003664985651860396,-0.1613637855627419
4,combined,realized_variance_5d,-0.0044997190851667705,-0.4728947527060473
4,combined,realized_variance_21d,0.13935177947941724,8.181676418415538
4,combined,realized_variance_63d,0.05999214281538742,2.581929312373213
4,combined,realized_vol_annualized_5d,0.03787794579416708,2.875130292617349
4,combined,realized_vol_annualized_21d,-0.25287039913206827,-5.963663535773065
4,combined,realized_vol_annualized_63d,0.03317283918443873,1.0437362813349846
4,combined,vix_level,0.0005084697669550571,0.9519273996703721
4,combined,vix_daily_change,-0.0012664002320133868,-2.8750410880437687
4,combined,vix_5d_change,-0.0009322574802197301,-3.5355670353174724
4,combined,vix_pct_252d,-0.004304494287145945,-1.5881878716028632
4,combined,implied_variance,0.11245609639685274,4.128146630961916
4,combined,VRP_5d,0.11695581548201872,5.662984952889726
4,combined,VRP_21d,-0.026895683082564497,-1.0412742059562747
4,combined,VRP_63d,0.05246395358146535,2.233823226624366
4,combined,vrp_ratio,-0.001975773664205583,-3.1969610736365355
4,combined,vrp_zscore_252d,-0.0020215103375243078,-2.3936878946852396
4,combined,vrp_pct_252d,-0.00018839151983776067,-0.051567488059149465
5,combined,const,0.016045631520034426,4.623594995654952
5,combined,log_return,-0.16866722361335157,-2.432465894964051
5,combined,return_5d,-0.15968104003765404,-3.5563392806886127
5,combined,return_21d,-0.003342337218715725,-0.13885502898057386
5,combined,return_63d,-0.023103605569828354,-1.8927602872924025
5,combined,rolling_vol_5d,0.002033045645541636,2.5799994542191858
5,combined,rolling_vol_21d,-0.01532145240776097,-5.951955792273573
5,combined,rolling_vol_63d,0.002361996739763985,1.2305802908238175
5,combined,rolling_drawdown,-0.02311292869280796,-1.0514041505419751
5,combined,dist_from_ma_20,0.1419080151424058,2.329091383037338
5,combined,dist_from_ma_50,-0.1252820153977564,-2.699450433727315
5,combined,dist_from_ma_200,0.018370997981681625,0.9490460103723678
5,combined,realized_variance_5d,-0.00621497374505395,-0.6783717823071498
5,combined,realized_variance_21d,0.13898865455668216,8.476221904644484
5,combined,realized_variance_63d,0.05405155497258496,2.407011378181393
5,combined,realized_vol_annualized_5d,0.03227359909286104,2.579999454218264
5,combined,realized_vol_annualized_21d,-0.24322051677148615,-5.951955792273652
5,combined,realized_vol_annualized_63d,0.03749553582576235,1.2305802908237373
5,combined,vix_level,0.0004525041124980026,0.8986455101665305
5,combined,vix_daily_change,-0.0012600676256273224,-3.089545976906281
5,combined,vix_5d_change,-0.000780983335328796,-3.1776563472151564
5,combined,vix_pct_252d,-0.0017580816007311476,-0.7446771952756304
5,combined,implied_variance,0.10662637701247155,4.059596109840685
5,combined,VRP_5d,0.11284135075752548,5.660964667611934
5,combined,VRP_21d,-0.03236227754421066,-1.3064882579899117
5,combined,VRP_63d,0.052574822039886955,2.330856538837573
5,combined,vrp_ratio,-0.002027361978591011,-3.399287679330092
5,combined,vrp_zscore_252d,-0.001351100343847965,-1.7376431943557842
5,combined,vrp_pct_252d,-0.0022109093697593885,-0.6487207590946774
6,combined,const,0.007636394035072054,2.4549099304072723
6,combined,log_return,-0.15714784715450042,-2.3153063312622355
6,combined,return_5d,-0.13984897595849516,-3.1877300977072838
6,combined,return_21d,0.02704594593957916,1.178486709792651
6,combined,return_63d,-0.02053953119447119,-1.7783149908068139
6,combined,rolling_vol_5d,0.001558668661123806,2.0873149774694224
6,combined,rolling_vol_21d,-0.008006961426044209,-3.5942808906928603
6,combined,rolling_vol_63d,0.0027898842232207924,1.660425499435337
6,combined,rolling_drawdown,0.010415519092721343,0.48911776669653934
6,combined,dist_from_ma_20,0.030977381050918375,0.5303455402348689
6,combined,dist_from_ma_50,-0.09708185182665878,-2.1708481200032033
6,combined,dist_from_ma_200,0.006386806172416935,0.33810061906856403
6,combined,realized_variance_5d,-0.014421361645537985,-1.643200217956515
6,combined,realized_variance_21d,0.0983827992816964,6.825876212153098
6,combined,realized_variance_63d,0.02978805199435785,1.4421062525045691
6,combined,realized_vol_annualized_5d,0.024743097922107035,2.0873149774699082
6,combined,realized_vol_annualized_21d,-0.12710657214360244,-3.594280890692864
6,combined,realized_vol_annualized_63d,0.04428803904782884,1.6604254994353282
6,combined,vix_level,8.39387777814182e-05,0.18026684025373352
6,combined,vix_daily_change,-0.001091732505946964,-2.7572340346591715
6,combined,vix_5d_change,-0.0006274108286463625,-2.6821312879028847
6,combined,vix_pct_252d,-0.00521769049769737,-2.286445757636673
6,combined,implied_variance,0.07702558091189224,3.352406749831482
6,combined,VRP_5d,0.09144694255743037,5.389488532298543
6,combined,VRP_21d,-0.021357218369804504,-0.9223089330190792
6,combined,VRP_63d,0.04723752891753423,2.3176030103241274
6,combined,vrp_ratio,-0.0008594572609006886,-1.557928430616335
6,combined,vrp_zscore_252d,-0.0014612797418880022,-1.9537205639194057
6,combined,vrp_pct_252d,0.002352352311467267,0.7306338668588438
0,price_only,const,0.02449743569278384,4.828525236825844
0,price_only,log_return,0.04983977729053017,0.41654749140060193
0,price_only,return_5d,0.05325681493530641,0.6628357351405817
0,price_only,return_21d,-0.09128925857661796,-1.482846659508264
0,price_only,return_63d,-0.06924608263102562,-2.1215963416613564
0,price_only,rolling_vol_5d,-0.04760961358977632,-0.14928834986619977
0,price_only,rolling_vol_21d,-2.665475359067048,-4.323079948645492
0,price_only,rolling_vol_63d,-0.9808323557960956,-1.429695864401099
0,price_only,rolling_drawdown,-0.6228205923680925,-8.564820118800252
0,price_only,dist_from_ma_20,0.2947915934547615,1.923462854385081
0,price_only,dist_from_ma_50,0.08005756253090238,0.6735221560081981
0,price_only,dist_from_ma_200,-0.019170425199577148,-0.38352075895101473
1,price_only,const,0.0018208379936171418,0.5555302902052497
1,price_only,log_return,0.09504072220089607,0.8747353132748863
1,price_only,return_5d,0.13474316290776442,1.7055467414675076
1,price_only,return_21d,-0.03345570478504576,-0.5805755328523108
1,price_only,return_63d,0.037929996144710695,1.319025169675732
1,price_only,rolling_vol_5d,-0.42329649914904566,-1.3549282929292037
1,price_only,rolling_vol_21d,-1.938380995678721,-3.046555916388971
1,price_only,rolling_vol_63d,1.5603810715436244,2.67903504767591
1,price_only,rolling_drawdown,-0.5080149412402837,-5.597599456756596
1,price_only,dist_from_ma_20,0.13447220280504488,0.8744891786792556
1,price_only,dist_from_ma_50,-0.24318909066088118,-1.889358781398459
1,price_only,dist_from_ma_200,0.009829120818225106,0.2184106655755517
2,price_only,const,-0.0034774894087955042,-1.1864968812430565
2,price_only,log_return,0.08558670364559884,0.8469728432844459
2,price_only,return_5d,0.12902646647426327,1.7638669967525438
2,price_only,return_21d,-0.058717411952806636,-1.0909520311516887
2,price_only,return_63d,0.013454161098993953,0.5025172482954534
2,price_only,rolling_vol_5d,-0.38939025664774596,-1.3522282595893842
2,price_only,rolling_vol_21d,-2.280248772147532,-3.9302211868160417
2,price_only,rolling_vol_63d,2.22730134104782,4.113016138108194
2,price_only,rolling_drawdown,-0.49422296469562244,-5.785052059845814
2,price_only,dist_from_ma_20,0.16274811348694157,1.1415576596477062
2,price_only,dist_from_ma_50,-0.37514940559942855,-3.1988581624014847
2,price_only,dist_from_ma_200,0.14820451447211286,4.216159697564261
3,price_only,const,-0.009976082130135547,-3.2597439261475887
3,price_only,log_return,0.06302236715188628,0.6630904628671251
3,price_only,return_5d,0.08758427254177234,1.2708237263931963
3,price_only,return_21d,-0.027369791182174256,-0.5373635088444024
3,price_only,return_63d,-0.003923568733789445,-0.1537807207769074
3,price_only,rolling_vol_5d,-0.24137739825010293,-0.9043139682635232
3,price_only,rolling_vol_21d,-3.379066715061096,-6.573850200618257
3,price_only,rolling_vol_63d,4.819366611563775,11.080526042092508
3,price_only,rolling_drawdown,-0.07783701388438738,-1.7683506406653589
3,price_only,dist_from_ma_20,0.3713524837925064,2.9709396518589095
3,price_only,dist_from_ma_50,-0.9250457382156767,-9.590826721911021
3,price_only,dist_from_ma_200,0.2534564859825769,7.000285599864345
4,price_only,const,-0.006754588801933993,-2.2712990640463757
4,price_only,log_return,0.048674085414135426,0.5358301278244911
4,price_only,return_5d,0.07324038487237935,1.1121287695392474
4,price_only,return_21d,-0.03631338919214325,-0.7555742598533677
4,price_only,return_63d,-0.033682156682773245,-1.4116376327720754
4,price_only,rolling_vol_5d,-0.19397555525921276,-0.7605192089826259
4,price_only,rolling_vol_21d,-2.8449163880937833,-5.94506272008645
4,price_only,rolling_vol_63d,4.272994505217894,10.266069111883901
4,price_only,rolling_drawdown,-0.05194814748910374,-1.362927059223288
4,price_only,dist_from_ma_20,0.31898946244615045,2.757022053429759
4,price_only,dist_from_ma_50,-0.7610855516506846,-8.520187215468189
4,price_only,dist_from_ma_200,0.21539129167847706,6.301669952712535
5,price_only,const,-0.007291384247314842,-2.5422164519851056
5,price_only,log_return,0.046095180663201646,0.5349923911588516
5,price_only,return_5d,0.07306115387495053,1.17571562644919
5,price_only,return_21d,-0.015491154111549912,-0.3411209813483301
5,price_only,return_63d,-0.016443470029443432,-0.7279099426496025
5,price_only,rolling_vol_5d,-0.17589341619305288,-0.7254998406575206
5,price_only,rolling_vol_21d,-2.603645498635158,-5.732306810974931
5,price_only,rolling_vol_63d,4.132298292917146,10.401839007025757
5,price_only,rolling_drawdown,-0.049415049308001634,-1.3556259150340477
5,price_only,dist_from_ma_20,0.27099857028278634,2.475078036803937
5,price_only,dist_from_ma_50,-0.7607007005394032,-8.954016773881934
5,price_only,dist_from_ma_200,0.22153100265613937,7.059770716573602
6,price_only,const,-0.010279362258389418,-3.6074374961243905
6,price_only,log_return,0.02095817802352225,0.2567808147591193
6,price_only,return_5d,0.04830197643398926,0.8169510238286803
6,price_only,return_21d,0.012815862808497632,0.29521981687021615
6,price_only,return_63d,0.00100197265947915,0.04694035066714761
6,price_only,rolling_vol_5d,-0.2875393790697687,-1.3239349230737714
6,price_only,rolling_vol_21d,-1.3878535265658574,-3.4395710725863715
6,price_only,rolling_vol_63d,3.581501621579275,9.887134839975857
6,price_only,rolling_drawdown,-0.013255562292297223,-0.3788529342312384
6,price_only,dist_from_ma_20,0.15484713433530684,1.4770923513008094
6,price_only,dist_from_ma_50,-0.6102485865734663,-7.485547823165792
6,price_only,dist_from_ma_200,0.16640251108173776,5.497826881896276
0,realized_vol_only,const,0.05593018719429157,8.353133386390274
0,realized_vol_only,realized_variance_5d,-0.017848784024034187,-0.19377173825410013
0,realized_vol_only,realized_variance_21d,-0.2092728274059726,-0.8270324511252223
0,realized_vol_only,realized_variance_63d,3.707245954925286,8.587906561235794
0,realized_vol_only,realized_vol_annualized_5d,0.029598772018791897,0.7522657115229561
0,realized_vol_only,realized_vol_annualized_21d,0.09050051557915124,1.0220240503425644
0,realized_vol_only,realized_vol_annualized_63d,-0.9840913400329259,-7.677729216883592
1,realized_vol_only,const,0.036851026496540554,5.312275879394635
1,realized_vol_only,realized_variance_5d,0.03747610422455647,1.8026626960884773
1,realized_vol_only,realized_variance_21d,-0.7229950760720336,-4.595563826086113
1,realized_vol_only,realized_variance_63d,3.242913151119977,6.273613246421182
1,realized_vol_only,realized_vol_annualized_5d,-0.01723840767280461,-0.6944297667477887
1,realized_vol_only,realized_vol_annualized_21d,0.160692184022584,2.5111742364323812
1,realized_vol_only,realized_vol_annualized_63d,-0.740120371992664,-4.851613431507137
2,realized_vol_only,const,-0.008031659126483535,-2.200244177846693
2,realized_vol_only,realized_variance_5d,0.029299369293100716,1.5169860975045728
2,realized_vol_only,realized_variance_21d,0.16215492849528484,4.1641676232649205
2,realized_vol_only,realized_variance_63d,-0.18515394627100998,-2.7644890426289352
2,realized_vol_only,realized_vol_annualized_5d,-0.012226278056464729,-0.5466193690083218
2,realized_vol_only,realized_vol_annualized_21d,-0.08494011803123423,-2.2029115479772132
2,realized_vol_only,realized_vol_annualized_63d,0.22626568047288506,4.861329279708279
3,realized_vol_only,const,-0.0051115907103080485,-1.4543715027254487
3,realized_vol_only,realized_variance_5d,0.021459394730059332,1.1526798651723142
3,realized_vol_only,realized_variance_21d,0.17953053266409674,4.7588340814172705
3,realized_vol_only,realized_variance_63d,-0.145341805585391,-2.218961549274985
3,realized_vol_only,realized_vol_annualized_5d,0.006505312455965419,0.31047194202651435
3,realized_vol_only,realized_vol_annualized_21d,-0.11321867624016073,-3.0840940524660847
3,realized_vol_only,realized_vol_annualized_63d,0.2033349401829816,4.481538773330234
4,realized_vol_only,const,0.005600131653739597,1.6581519826824995
4,realized_vol_only,realized_variance_5d,0.036855851219473636,1.8951547370604307
4,realized_vol_only,realized_variance_21d,0.16182059220480946,4.086101119412352
4,realized_vol_only,realized_variance_63d,0.03466670718906336,0.5273180220629027
4,realized_vol_only,realized_vol_annualized_5d,-0.01311632755215413,-0.6273988832010522
4,realized_vol_only,realized_vol_annualized_21d,-0.0839949540395194,-2.2396657100517086
4,realized_vol_only,realized_vol_annualized_63d,0.07081781074469842,1.5773210604669086
5,realized_vol_only,const,0.006537975387573259,2.0092258084162316
5,realized_vol_only,realized_variance_5d,0.034877635518397156,1.8456151224031312
5,realized_vol_only,realized_variance_21d,0.1589972686748589,4.124708886070682
5,realized_vol_only,realized_variance_63d,0.024724061593085867,0.386524701412064
5,realized_vol_only,realized_vol_annualized_5d,-0.01176101917593129,-0.5864196332559368
5,realized_vol_only,realized_vol_annualized_21d,-0.08119763971123169,-2.2402958145752447
5,realized_vol_only,realized_vol_annualized_63d,0.07242367356462821,1.6657516016368954
6,realized_vol_only,const,0.006781855341726357,2.1297734231348375
6,realized_vol_only,realized_variance_5d,0.035257929000311834,1.9120019626845899
6,realized_vol_only,realized_variance_21d,0.14948373485153738,3.9910566475829143
6,realized_vol_only,realized_variance_63d,0.04173696464245723,0.665704224535411
6,realized_vol_only,realized_vol_annualized_5d,-0.012181776838208664,-0.6374481586033014
6,realized_vol_only,realized_vol_annualized_21d,-0.07079203488157843,-2.043744847805777
6,realized_vol_only,realized_vol_annualized_63d,0.058746422558630954,1.390019707151718
7,realized_vol_only,const,0.0037515457722261,1.2546282425457225
7,realized_vol_only,realized_variance_5d,0.030527929652207984,1.7455266984273021
7,realized_vol_only,realized_variance_21d,0.1522187550099986,4.256730278809441
7,realized_vol_only,realized_variance_63d,0.005381215025014699,0.0910628215219353
7,realized_vol_only,realized_vol_annualized_5d,-0.0062381662771780035,-0.34913243195805777
7,realized_vol_only,realized_vol_annualized_21d,-0.06183977251477199,-1.9614045495844072
7,realized_vol_only,realized_vol_annualized_63d,0.07890130013039158,2.0718637326333726
0,vrp_only,const,0.023939861317052415,1.7579864698406131
0,vrp_only,vix_level,-0.004174007097686197,-2.51551262916229
0,vrp_only,vix_daily_change,-0.0012416467192824475,-1.7935869514707583
0,vrp_only,vix_5d_change,-0.0009993190076141587,-2.2854259132411645
0,vrp_only,vix_pct_252d,-0.011314862992717459,-1.9646980104164897
0,vrp_only,implied_variance,2.124005629208072,5.027571119869971
0,vrp_only,VRP_5d,0.07576736313988694,1.652330601714829
0,vrp_only,VRP_21d,-0.04749389452596673,-0.22815113673780402
0,vrp_only,VRP_63d,-0.5629751797976155,-5.525543523263577
0,vrp_only,vrp_ratio,0.002735048487997896,2.9899464680508907
0,vrp_only,vrp_zscore_252d,0.002868570411833434,1.0669434521532273
0,vrp_only,vrp_pct_252d,-0.00190175550488031,-0.2850491608195412
1,vrp_only,const,0.0029827711794783544,0.43972636770340867
1,vrp_only,vix_level,-0.0010740514017751304,-1.6037360936453962
1,vrp_only,vix_daily_change,-0.0018129321908449125,-2.7273567733051127
1,vrp_only,vix_5d_change,-0.0015008360897952014,-3.5457277849493454
1,vrp_only,vix_pct_252d,-0.011413541023160324,-1.989104376501725
1,vrp_only,implied_variance,0.6706460372604122,5.728769885596023
1,vrp_only,VRP_5d,0.09076595052562149,3.7520198780858203
1,vrp_only,VRP_21d,0.06217697929233555,2.0611495122455192
1,vrp_only,VRP_63d,-0.06121590265374084,-2.37775307148482
1,vrp_only,vrp_ratio,0.0005624138438133057,0.565943207941281
1,vrp_only,vrp_zscore_252d,-0.0021513423842047224,-1.2837838036514546
1,vrp_only,vrp_pct_252d,0.01174573124174377,1.8372152701334774
2,vrp_only,const,0.0010939288488994179,0.1778883702200831
2,vrp_only,vix_level,-0.0006641872147891099,-1.171643225758094
2,vrp_only,vix_daily_change,-0.0014935619742628167,-2.5207456256093397
2,vrp_only,vix_5d_change,-0.001254010948869005,-3.3566325989344663
2,vrp_only,vix_pct_252d,-0.017192053742965157,-3.669351117026552
2,vrp_only,implied_variance,0.6002726541579113,5.756338717917316
2,vrp_only,VRP_5d,0.08200358173934569,3.572017099449719
2,vrp_only,VRP_21d,0.04466568774328515,1.5401222777819954
2,vrp_only,VRP_63d,-0.06042889503201845,-2.4828901555261838
2,vrp_only,vrp_ratio,-0.0002938020099390326,-0.3359500383052731
2,vrp_only,vrp_zscore_252d,-0.0019985978544081453,-1.2967702237969363
2,vrp_only,vrp_pct_252d,0.01542209561658424,2.610273956503078
3,vrp_only,const,0.011656256111730698,1.8647380767769492
3,vrp_only,vix_level,-0.002038244760769502,-3.705189047117856
3,vrp_only,vix_daily_change,-0.002273454305837343,-3.8538868895718585
3,vrp_only,vix_5d_change,-0.0017044921451525076,-4.539144883169473
3,vrp_only,vix_pct_252d,-0.015669381497518998,-3.4235999014789398
3,vrp_only,implied_variance,0.8427503680408212,8.170020694091836
3,vrp_only,VRP_5d,0.10715036065763654,4.7040716821589434
3,vrp_only,VRP_21d,0.02272740887437108,0.7445712063113352
3,vrp_only,VRP_63d,-0.05007848549293793,-1.967037141727917
3,vrp_only,vrp_ratio,-9.32815830386212e-05,-0.10331617882763386
3,vrp_only,vrp_zscore_252d,0.0013400612204993115,0.8388937969192065
3,vrp_only,vrp_pct_252d,0.018016012984160647,2.9936672970289404
4,vrp_only,const,0.015123362889737322,2.5162386462170567
4,vrp_only,vix_level,-0.0020651189762010227,-3.9276421494635794
4,vrp_only,vix_daily_change,-0.002191064519390702,-3.845764022243266
4,vrp_only,vix_5d_change,-0.001600296598919106,-4.438649879078477
4,vrp_only,vix_pct_252d,-0.0174121052514999,-4.362749025396518
4,vrp_only,implied_variance,0.8379205939169702,8.449257397162707
4,vrp_only,VRP_5d,0.10850241755466902,4.889537234806503
4,vrp_only,VRP_21d,0.020227219166280147,0.6787692864216543
4,vrp_only,VRP_63d,-0.04388703378479372,-1.7657804354533584
4,vrp_only,vrp_ratio,-0.0006905162041033446,-0.8147087871151392
4,vrp_only,vrp_zscore_252d,0.0012372169543137367,0.7942554201632516
4,vrp_only,vrp_pct_252d,0.018865556051638938,3.3664825571461336
5,vrp_only,const,0.01870428862933516,3.2714889643863567
5,vrp_only,vix_level,-0.0022223794265590754,-4.394397353710769
5,vrp_only,vix_daily_change,-0.002130877034599409,-4.034430294034965
5,vrp_only,vix_5d_change,-0.0014941377080518,-4.497564059502777
5,vrp_only,vix_pct_252d,-0.010455858467777211,-2.8604825951137163
5,vrp_only,implied_variance,0.8324473527065286,8.67825000866318
5,vrp_only,VRP_5d,0.10946220618750953,5.100448993509295
5,vrp_only,VRP_21d,0.014433476802897395,0.5049776905927259
5,vrp_only,VRP_63d,-0.03348176605037262,-1.3853627256939736
5,vrp_only,vrp_ratio,-0.0010300634977332538,-1.2766342635653414
5,vrp_only,vrp_zscore_252d,0.0018385043840516003,1.2912687872284698
5,vrp_only,vrp_pct_252d,0.015500117163587382,2.959215802098307
6,vrp_only,const,0.004281385374503807,0.8214864384490252
6,vrp_only,vix_level,-0.0008397375885002977,-1.8309321338343947
6,vrp_only,vix_daily_change,-0.0011081177961855854,-2.279987929812615
6,vrp_only,vix_5d_change,-0.0010142734303418245,-3.28847394256159
6,vrp_only,vix_pct_252d,-0.01483342697273255,-4.182596220163799
6,vrp_only,implied_variance,0.571247625543094,6.760373272545314
6,vrp_only,VRP_5d,0.05268176033824408,3.04568886814658
6,vrp_only,VRP_21d,-0.02256330300385763,-0.8152560361536715
6,vrp_only,VRP_63d,-0.06084657419152268,-2.630391440925298
6,vrp_only,vrp_ratio,-0.00044066591641695894,-0.5698912510587575
6,vrp_only,vrp_zscore_252d,-0.00035269138694337695,-0.26115752331747344
6,vrp_only,vrp_pct_252d,0.01734876014325948,3.4517778745021244
0,combined,const,0.03307673739784698,2.1936651266322746
0,combined,log_return,-0.20337618761613846,-0.985050146917348
0,combined,return_5d,-0.014385369959670623,-0.10114203024682966
0,combined,return_21d,-0.2119491042914858,-3.2588363585415774
0,combined,return_63d,-0.07087752741226502,-2.09067872525169
0,combined,rolling_vol_5d,-0.0005028151841350027,-0.18850790426211844
0,combined,rolling_vol_21d,-0.02979055529022308,-2.7042664832276215
0,combined,rolling_vol_63d,-0.05022098937061633,-5.3295923650259
0,combined,rolling_drawdown,-0.35306124374742404,-3.7883007142096425
0,combined,dist_from_ma_20,0.6023728083163223,3.2867011892536904
0,combined,dist_from_ma_50,-0.15786476068580915,-1.253915886603506
0,combined,dist_from_ma_200,0.10492630741831767,2.015412400196014
0,combined,realized_variance_5d,0.2146713758239918,2.088375733858318
0,combined,realized_variance_21d,0.5472066685773398,2.4794050481570813
0,combined,realized_variance_63d,1.759650143927435,5.340179636586631
0,combined,realized_vol_annualized_5d,-0.007981943595485385,-0.18850790425253608
0,combined,realized_vol_annualized_21d,-0.47291040429772235,-2.704266483239637
0,combined,realized_vol_annualized_63d,-0.7972334908215062,-5.329592365023582
0,combined,vix_level,0.006651843866353745,2.9183231180117413
0,combined,vix_daily_change,-0.002048666674093472,-1.8147608708732093
0,combined,vix_5d_change,-0.0009182679900183566,-1.23616712427665
0,combined,vix_pct_252d,-0.033513670865054086,-5.476359157271919
0,combined,implied_variance,0.46964854692540253,2.4272625853284144
0,combined,VRP_5d,0.2549771711014265,2.248252636139747
0,combined,VRP_21d,-0.07755812165194423,-0.2883599396190245
0,combined,VRP_63d,-1.2900015970020215,-5.047225161980248
0,combined,vrp_ratio,-0.003147078589469491,-2.259540373644554
0,combined,vrp_zscore_252d,0.005784847736342555,2.0360165064006766
0,combined,vrp_pct_252d,-0.004567601158284817,-0.5692786517556587
1,combined,const,0.01669898137703143,2.4040667667516957
1,combined,log_return,-0.2573807805483206,-1.5743810102801035
1,combined,return_5d,-0.3263924928555316,-3.1206653152648793
1,combined,return_21d,-0.10223342242743721,-1.8211570157615466
1,combined,return_63d,-0.02008468367988772,-0.698646530104416
1,combined,rolling_vol_5d,0.00035193574937049496,0.19521858127326597
1,combined,rolling_vol_21d,-0.035569355336851315,-6.253744904427355
1,combined,rolling_vol_63d,0.004992194746953316,1.250867014216846
1,combined,rolling_drawdown,-0.6867910600832061,-7.535244497805382
1,combined,dist_from_ma_20,0.853301141657819,5.402884724655624
1,combined,dist_from_ma_50,-0.12657149729231926,-1.0167114359549776
1,combined,dist_from_ma_200,-0.14125420059841093,-2.9049143143668426
1,combined,realized_variance_5d,0.040830444550141246,2.0245902465024375
1,combined,realized_variance_21d,0.15215783170903094,4.539234232157333
1,combined,realized_variance_63d,-0.020557293056784567,-0.4551723528010258
1,combined,realized_vol_annualized_5d,0.005586806821861082,0.1952185812738308
1,combined,realized_vol_annualized_21d,-0.5646460110971459,-6.253744904427359
1,combined,realized_vol_annualized_63d,0.07924863478103891,1.25086701421669
1,combined,vix_level,0.003382048300628881,2.888881346569704
1,combined,vix_daily_change,-0.002379735561214292,-2.584136230578937
1,combined,vix_5d_change,-0.0026805393523338097,-4.794349688509246
1,combined,vix_pct_252d,-0.039348649367965116,-6.114662652946109
1,combined,implied_variance,0.13862069266239357,2.4647155313204085
1,combined,VRP_5d,0.09779024811225347,2.3600084261158436
1,combined,VRP_21d,-0.013537139046639036,-0.25619349458556523
1,combined,VRP_63d,0.15917798571917807,3.5163270068448544
1,combined,vrp_ratio,-0.0014380758650463475,-1.1739896842451258
1,combined,vrp_zscore_252d,-0.0043113757296227365,-2.5917577983512587
1,combined,vrp_pct_252d,-0.0005449581799668174,-0.0667043040742476
2,combined,const,0.013210965775280366,2.034978418329324
2,combined,log_return,-0.25267078213312477,-1.6351416087599673
2,combined,return_5d,-0.3129159659890165,-3.1666728114854203
2,combined,return_21d,-0.13053110738547544,-2.487310643356609
2,combined,return_63d,-0.04561600499776199,-1.6987196045957846
2,combined,rolling_vol_5d,0.0015170107452686557,0.9330589382661474
2,combined,rolling_vol_21d,-0.03165009040323909,-6.192423162930187
2,combined,rolling_vol_63d,0.004854577212378558,1.3034076578990959
2,combined,rolling_drawdown,-0.651535153785052,-7.621451797863551
2,combined,dist_from_ma_20,0.8606829670011461,5.783360397249483
2,combined,dist_from_ma_50,-0.13179748256107418,-1.1507906689308354
2,combined,dist_from_ma_200,-0.1035954411669807,-2.3230924054731683
2,combined,realized_variance_5d,0.02802924446910802,1.5531809821791682
2,combined,realized_variance_21d,0.12634648094503095,3.9914481860121467
2,combined,realized_variance_63d,-0.024992275055114845,-0.5891936650913044
2,combined,realized_vol_annualized_5d,0.0240817990092191,0.9330589382683043
2,combined,realized_vol_annualized_21d,-0.5024296090781128,-6.192423162930361
2,combined,realized_vol_annualized_63d,0.0770640241458855,1.303407657899035
2,combined,vix_level,0.003177802046845127,3.213524166867896
2,combined,vix_daily_change,-0.0020309816179928,-2.41302160133016
2,combined,vix_5d_change,-0.0024715384355892467,-4.876150394555812
2,combined,vix_pct_252d,-0.04759807817756163,-8.243516800712266
2,combined,implied_variance,0.12045357948939293,2.3819691272002075
2,combined,VRP_5d,0.09242433502028358,2.4477235341569874
2,combined,VRP_21d,-0.005892901455639319,-0.12411069210720721
2,combined,VRP_63d,0.1454458545445081,3.4759212861407383
2,combined,vrp_ratio,-0.002302245243556712,-2.0423557881533103
2,combined,vrp_zscore_252d,-0.004001468072641578,-2.6207988004799616
2,combined,vrp_pct_252d,0.008098936905199847,1.1118700606688168
3,combined,const,0.020323227174919776,2.9480881220677326
3,combined,log_return,-0.16200066109434547,-1.1366649047795339
3,combined,return_5d,-0.24462679598885173,-2.6713728927899862
3,combined,return_21d,-0.09526003656461443,-1.918227696733392
3,combined,return_63d,-0.06552471705403928,-2.588637092634948
3,combined,rolling_vol_5d,4.22184236321347e-06,0.002602510173996126
3,combined,rolling_vol_21d,-0.01864738595824847,-3.6472811047720755
3,combined,rolling_vol_63d,0.014698124674899626,3.8657632393505983
3,combined,rolling_drawdown,-0.058418116546626486,-1.2152206099535148
3,combined,dist_from_ma_20,0.8406255190850307,6.676996360539051
3,combined,dist_from_ma_50,-0.8489698565699293,-8.819727528349032
3,combined,dist_from_ma_200,0.14228095963652787,3.183931722515731
3,combined,realized_variance_5d,0.11455722736290881,6.290396513161431
3,combined,realized_variance_21d,0.14853349941192737,4.499108806523434
3,combined,realized_variance_63d,0.13062506490411743,2.9614041908348456
3,combined,realized_vol_annualized_5d,6.701966980936919e-05,0.0026025101741472285
3,combined,realized_vol_annualized_21d,-0.2960180750818019,-3.6472811047723233
3,combined,realized_vol_annualized_63d,0.23332549577284203,3.865763239350675
3,combined,vix_level,-0.001355258598103998,-1.3333698705384418
3,combined,vix_daily_change,-0.0025521530240934284,-3.0175314904156414
3,combined,vix_5d_change,-0.002587779174485664,-5.081426108464849
3,combined,vix_pct_252d,-0.033559725232704445,-5.914723748386653
3,combined,implied_variance,0.2925658658814396,5.6121320830864745
3,combined,VRP_5d,0.17800863851853088,4.49941047910916
3,combined,VRP_21d,0.14403236646951253,2.9374273068328383
3,combined,VRP_63d,0.1619408009773245,3.6156001481011932
3,combined,vrp_ratio,-0.001569341487753219,-1.323494612714169
3,combined,vrp_zscore_252d,0.0006372471454611345,0.3969669330824642
3,combined,vrp_pct_252d,0.02808602861598345,3.786171704305234
4,combined,const,0.02641220384412503,3.9306463148495983
4,combined,log_return,-0.14258335843104356,-1.041735020799387
4,combined,return_5d,-0.24481485874662098,-2.780108185723202
4,combined,return_21d,-0.09687031287638098,-2.0501592967804085
4,combined,return_63d,-0.07453970727919142,-3.129504223883716
4,combined,rolling_vol_5d,0.0006589864052694904,0.42440925421320574
4,combined,rolling_vol_21d,-0.020638582373303523,-4.129830996762262
4,combined,rolling_vol_63d,0.012731350505832777,3.3987552332027087
4,combined,rolling_drawdown,0.01315053410308877,0.2959041411519936
4,combined,dist_from_ma_20,0.7601724912827947,6.40039975195949
4,combined,dist_from_ma_50,-0.6615625429424903,-7.2867749232409995
4,combined,dist_from_ma_200,0.058905699005611926,1.3862070910612405
4,combined,realized_variance_5d,0.10958502992720306,6.155556627650254
4,combined,realized_variance_21d,0.17411152633796892,5.463793918069868
4,combined,realized_variance_63d,0.13259057752532832,3.049998621297696
4,combined,realized_vol_annualized_5d,0.010461084874292299,0.4244092542131833
4,combined,realized_vol_annualized_21d,-0.32762733823609674,-4.129830996762242
4,combined,realized_vol_annualized_63d,0.20210392375457678,3.3987552332026647
4,combined,vix_level,-0.0007369017417484802,-0.737369690972028
4,combined,vix_daily_change,-0.0023760256188292603,-2.883109920272524
4,combined,vix_5d_change,-0.002339818416915689,-4.742882454923397
4,combined,vix_pct_252d,-0.03348885964455331,-6.604152691792639
4,combined,implied_variance,0.3028035982618459,5.941144969014075
4,combined,VRP_5d,0.1932185683346414,5.000454193050062
4,combined,VRP_21d,0.12869207192387636,2.6630010138739624
4,combined,VRP_63d,0.1702130207365173,3.8736249866239363
4,combined,vrp_ratio,-0.002083053340294408,-1.8015136378978824
4,combined,vrp_zscore_252d,-5.2329398813249575e-05,-0.03311877841548536
4,combined,vrp_pct_252d,0.021189772633593684,3.1001159020792315
5,combined,const,0.02906921018545333,4.482183536500858
5,combined,log_return,-0.12455055565387899,-0.9611588444905955
5,combined,return_5d,-0.21334313007614655,-2.5425056708443696
5,combined,return_21d,-0.06967464458758689,-1.5488863198330431
5,combined,return_63d,-0.0577377013541637,-2.5310969302844835
5,combined,rolling_vol_5d,0.0006325792179886634,0.4295570372151621
5,combined,rolling_vol_21d,-0.021909402471074632,-4.554321941288362
5,combined,rolling_vol_63d,0.013578017780615901,3.7853014219130743
5,combined,rolling_drawdown,-0.052807877755279675,-1.2854253359524375
5,combined,dist_from_ma_20,0.6695034988125759,5.879845133386409
5,combined,dist_from_ma_50,-0.6926795897564343,-7.98642561393147
5,combined,dist_from_ma_200,0.15464255732386434,4.274811558198313
5,combined,realized_variance_5d,0.11309800494100984,6.60566969702256
5,combined,realized_variance_21d,0.19776506082622217,6.453658308464872
5,combined,realized_variance_63d,0.1322558509941737,3.1515070191284114
5,combined,realized_vol_annualized_5d,0.010041883772027322,0.4295570372131926
5,combined,realized_vol_annualized_21d,-0.34780098187493674,-4.554321941288535
5,combined,realized_vol_annualized_63d,0.21554435006833333,3.785301421913041
5,combined,vix_level,-0.001279810127895801,-1.36001862060294
5,combined,vix_daily_change,-0.002216204711547535,-2.9076633098902205
5,combined,vix_5d_change,-0.002140385028133961,-4.660049168641604
5,combined,vix_pct_252d,-0.017547287527873642,-3.977154401824129
5,combined,implied_variance,0.30965761428122696,6.308605524129446
5,combined,VRP_5d,0.19655960934021738,5.276547863761872
5,combined,VRP_21d,0.1118925534550047,2.4171358024026404
5,combined,VRP_63d,0.17740176328705404,4.2085171233982654
5,combined,vrp_ratio,-0.003080845082383114,-2.764139245134426
5,combined,vrp_zscore_252d,0.001136825373273729,0.7823483861916417
5,combined,vrp_pct_252d,0.013890952588258967,2.1809831886255524
6,combined,const,0.0034887214522840064,0.5968915951060783
6,combined,log_return,-0.1407278554308097,-1.103473804719198
6,combined,return_5d,-0.16195543210769037,-1.9647156584118692
6,combined,return_21d,-0.011901484159027132,-0.2759977689235177
6,combined,return_63d,-0.039487193048404666,-1.8195180179215322
6,combined,rolling_vol_5d,-0.0008690984469814764,-0.6194198157432829
6,combined,rolling_vol_21d,-0.003863710662376019,-0.923061864774921
6,combined,rolling_vol_63d,0.013642235205515359,4.321163322159906
6,combined,rolling_drawdown,0.02757080116307732,0.6890707896163052
6,combined,dist_from_ma_20,0.43078662404223633,3.925169070098664
6,combined,dist_from_ma_50,-0.5874173853814925,-6.990691204234011
6,combined,dist_from_ma_200,0.1019421877123745,2.872090457162497
6,combined,realized_variance_5d,0.08092471560114788,4.907353379672359
6,combined,realized_variance_21d,0.07712004200650972,2.847661902350331
6,combined,realized_variance_63d,0.05813284919089959,1.4978168104416794
6,combined,realized_vol_annualized_5d,-0.013796510133242172,-0.6194198157419227
6,combined,realized_vol_annualized_21d,-0.06133450530333852,-0.9230618647749821
6,combined,realized_vol_annualized_63d,0.21656377008505942,4.321163322159833
6,combined,vix_level,-0.0015584736825260512,-1.7812899308682997
6,combined,vix_daily_change,-0.0015494850263357144,-2.0826999560290687
6,combined,vix_5d_change,-0.0015497057088018577,-3.5258123132833603
6,combined,vix_pct_252d,-0.026454588831137205,-6.169721203056369
6,combined,implied_variance,0.18545752963823747,4.2958403157603
6,combined,VRP_5d,0.10453281403708985,3.278784996153741
6,combined,VRP_21d,0.1083374876317278,2.4899602941716923
6,combined,VRP_63d,0.127324680447337,3.3246536230502075
6,combined,vrp_ratio,0.00031441172036283184,0.3033219781906036
6,combined,vrp_zscore_252d,-0.000312187517006045,-0.22213989005257198
6,combined,vrp_pct_252d,0.024569101271383082,4.061333354921869
