target,model_name,feature_group,train_start,train_end,test_start,test_end,n_predictions,first_prediction_date,last_prediction_date,positive_rate_actual,positive_rate_predicted,accuracy,balanced_accuracy,precision,recall,F1,Brier_score,average_predicted_probability,degenerate_classifier,ROC_AUC
next_5d_vol_expansion,logistic,rv_only,2014-04-03,2019-04-03,2019-04-04,2020-04-03,253,2019-04-04,2020-04-03,0.4308300395256917,0.20553359683794467,0.7035573122529645,0.6659977064220184,0.8269230769230769,0.3944954128440367,0.5341614906832298,0.20694181659032387,0.3631717282773027,False,0.7649082568807339
next_5d_vol_expansion,logistic,rv_only,2014-04-03,2020-04-03,2020-04-04,2021-04-03,250,2020-04-06,2021-04-01,0.26,0.1,0.72,0.5363825363825364,0.4,0.15384615384615385,0.2222222222222222,0.1831837247961376,0.2566144450868834,False,0.669106029106029
next_5d_vol_expansion,logistic,rv_only,2014-04-03,2021-04-03,2021-04-04,2022-04-03,253,2021-04-05,2022-04-01,0.44664031620553357,0.15019762845849802,0.5691699604743083,0.5322060682680152,0.5526315789473685,0.18584070796460178,0.2781456953642384,0.24198943896174882,0.3548734376207675,False,0.6377370417193425
next_5d_vol_expansion,logistic,rv_only,2014-04-03,2022-04-03,2022-04-04,2023-04-03,251,2022-04-04,2023-04-03,0.398406374501992,0.03187250996015936,0.6095617529880478,0.5150662251655629,0.625,0.05,0.09259259259259259,0.26860982040803133,0.2545865176273056,False,0.5352317880794701
next_5d_vol_expansion,logistic,rv_only,2014-04-03,2023-04-03,2023-04-04,2024-04-03,251,2023-04-04,2024-04-03,0.41832669322709165,0.08366533864541832,0.5856573705179283,0.5181343770384866,0.5238095238095238,0.10476190476190476,0.1746031746031746,0.23675249863852685,0.40629916555666706,False,0.5920417482061318
next_5d_vol_expansion,logistic,rv_only,2014-04-03,2024-04-03,2024-04-04,2025-04-03,251,2024-04-04,2025-04-03,0.4103585657370518,0.15139442231075698,0.6932270916334662,0.6350695355549725,0.8421052631578947,0.3106796116504854,0.45390070921985815,0.21434953016034589,0.39560707379624277,False,0.7333377066386776
next_5d_vol_expansion,logistic,rv_only,2014-04-03,2025-04-03,2025-04-04,2026-04-03,250,2025-04-04,2026-04-02,0.312,0.148,0.58,0.43902802623732856,0.13513513513513514,0.0641025641025641,0.08695652173913043,0.2304953901345494,0.3996758858594109,False,0.5112552176505665
next_5d_vol_expansion,logistic,rv_only,2014-04-03,2026-04-03,2026-04-04,2026-06-10,47,2026-04-06,2026-06-10,0.3404255319148936,0.10638297872340426,0.723404255319149,0.6088709677419355,0.8,0.25,0.38095238095238093,0.1883347296216437,0.36281458566072844,False,0.7963709677419355
next_5d_vol_expansion,random_forest,rv_only,2014-04-03,2019-04-03,2019-04-04,2020-04-03,253,2019-04-04,2020-04-03,0.4308300395256917,0.32806324110671936,0.6679841897233202,0.6470119775739043,0.6506024096385542,0.4954128440366973,0.5625,0.22622427601369588,0.42161445795282554,False,0.686894750254842
next_5d_vol_expansion,random_forest,rv_only,2014-04-03,2020-04-03,2020-04-04,2021-04-03,250,2020-04-06,2021-04-01,0.26,0.196,0.696,0.565072765072765,0.3877551020408163,0.2923076923076923,0.3333333333333333,0.19099411246292383,0.30062380605159983,False,0.668024948024948
next_5d_vol_expansion,random_forest,rv_only,2014-04-03,2021-04-03,2021-04-04,2022-04-03,253,2021-04-05,2022-04-01,0.44664031620553357,0.32806324110671936,0.5652173913043478,0.5474083438685209,0.5180722891566265,0.3805309734513274,0.4387755102040816,0.2572700935302969,0.36856675367056874,False,0.6235145385587864
next_5d_vol_expansion,random_forest,rv_only,2014-04-03,2022-04-03,2022-04-04,2023-04-03,251,2022-04-04,2023-04-03,0.398406374501992,0.06772908366533864,0.5896414342629482,0.501887417218543,0.4117647058823529,0.07,0.11965811965811966,0.3141394822162538,0.1862586556815317,False,0.427748344370861
next_5d_vol_expansion,random_forest,rv_only,2014-04-03,2023-04-03,2023-04-04,2024-04-03,251,2023-04-04,2024-04-03,0.41832669322709165,0.30278884462151395,0.6454183266932271,0.6163078930202217,0.6052631578947368,0.4380952380952381,0.5082872928176796,0.24996124141072665,0.3711563919487334,False,0.5981082844096542
next_5d_vol_expansion,random_forest,rv_only,2014-04-03,2024-04-03,2024-04-04,2025-04-03,251,2024-04-04,2025-04-03,0.4103585657370518,0.33067729083665337,0.601593625498008,0.5736027289425347,0.5180722891566265,0.4174757281553398,0.46236559139784944,0.23693239730317442,0.3756706333918695,False,0.6532406192600367
next_5d_vol_expansion,random_forest,rv_only,2014-04-03,2025-04-03,2025-04-04,2026-04-03,250,2025-04-04,2026-04-02,0.312,0.296,0.576,0.49918008348240905,0.3108108108108108,0.2948717948717949,0.3026315789473684,0.2536132083675623,0.38937476837508145,False,0.4887447823494335
next_5d_vol_expansion,random_forest,rv_only,2014-04-03,2026-04-03,2026-04-04,2026-06-10,47,2026-04-06,2026-06-10,0.3404255319148936,0.3617021276595745,0.723404255319149,0.6995967741935484,0.5882352941176471,0.625,0.6060606060606061,0.18096742032925167,0.4134811946086609,False,0.7983870967741935
next_5d_vol_expansion,logistic,vix_only,2014-12-31,2019-12-31,2020-01-01,2020-12-31,253,2020-01-02,2020-12-31,0.31620553359683795,0.25691699604743085,0.6561264822134387,0.5772037572254335,0.4461538461538462,0.3625,0.4,0.23962987742821507,0.3948430155531091,False,0.6591040462427746
next_5d_vol_expansion,logistic,vix_only,2014-12-31,2020-12-31,2021-01-01,2021-12-31,252,2021-01-04,2021-12-31,0.4166666666666667,0.06746031746031746,0.6190476190476191,0.5482993197278911,0.7647058823529411,0.12380952380952381,0.21311475409836064,0.23465809769167062,0.27061756649644564,False,0.7287333981211532
next_5d_vol_expansion,logistic,vix_only,2014-12-31,2021-12-31,2022-01-01,2022-12-31,251,2022-01-03,2022-12-30,0.4262948207171315,0.16733067729083664,0.6533864541832669,0.6066653686396677,0.7380952380952381,0.2897196261682243,0.4161073825503356,0.23639886026859583,0.33819745110632216,False,0.6337616822429905
next_5d_vol_expansion,logistic,vix_only,2014-12-31,2022-12-31,2023-01-01,2023-12-31,250,2023-01-03,2023-12-29,0.408,0.048,0.624,0.5422628510863805,0.8333333333333334,0.09803921568627451,0.17543859649122806,0.23340512483183576,0.32586281876079265,False,0.6264573396926338
next_5d_vol_expansion,logistic,vix_only,2014-12-31,2023-12-31,2024-01-01,2024-12-31,252,2024-01-02,2024-12-31,0.3968253968253968,0.20238095238095238,0.6547619047619048,0.5975,0.6274509803921569,0.32,0.423841059602649,0.22666936972346347,0.4078205085549976,False,0.6853947368421053
next_5d_vol_expansion,logistic,vix_only,2014-12-31,2024-12-31,2025-01-01,2025-12-31,250,2025-01-02,2025-12-31,0.308,0.192,0.756,0.6615494332257339,0.6666666666666666,0.4155844155844156,0.512,0.18493402168713213,0.3937034850797845,False,0.7614293221229637
next_5d_vol_expansion,logistic,vix_only,2014-12-31,2025-12-31,2026-01-01,2026-06-10,110,2026-01-02,2026-06-10,0.44545454545454544,0.19090909090909092,0.6727272727272727,0.6406825025092004,0.8095238095238095,0.3469387755102041,0.4857142857142857,0.2176755838658301,0.3998039746829292,False,0.7039143526262964
next_5d_vol_expansion,random_forest,vix_only,2014-12-31,2019-12-31,2020-01-01,2020-12-31,253,2020-01-02,2020-12-31,0.31620553359683795,0.33201581027667987,0.6679841897233202,0.6228323699421965,0.47619047619047616,0.5,0.4878048780487805,0.23344158408746002,0.45459000033053065,False,0.6161127167630058
next_5d_vol_expansion,random_forest,vix_only,2014-12-31,2020-12-31,2021-01-01,2021-12-31,252,2021-01-04,2021-12-31,0.4166666666666667,0.08333333333333333,0.626984126984127,0.5591836734693878,0.7619047619047619,0.1523809523809524,0.25396825396825395,0.23129170898923923,0.2699587419961761,False,0.7152575315840621
next_5d_vol_expansion,random_forest,vix_only,2014-12-31,2021-12-31,2022-01-01,2022-12-31,251,2022-01-03,2022-12-30,0.4262948207171315,0.17131474103585656,0.6334661354581673,0.5869029075804777,0.6744186046511628,0.27102803738317754,0.38666666666666666,0.24121259416169918,0.35930107918155774,False,0.6093587746625129
next_5d_vol_expansion,random_forest,vix_only,2014-12-31,2022-12-31,2023-01-01,2023-12-31,250,2023-01-03,2023-12-29,0.408,0.092,0.644,0.5713434022257552,0.782608695652174,0.17647058823529413,0.288,0.23882183442387994,0.30322388144813694,False,0.6281134075251722
next_5d_vol_expansion,random_forest,vix_only,2014-12-31,2023-12-31,2024-01-01,2024-12-31,252,2024-01-02,2024-12-31,0.3968253968253968,0.2777777777777778,0.626984126984127,0.5847368421052632,0.5428571428571428,0.38,0.4470588235294118,0.22907542087225902,0.3961681516952275,False,0.6628289473684211
next_5d_vol_expansion,random_forest,vix_only,2014-12-31,2024-12-31,2025-01-01,2025-12-31,250,2025-01-02,2025-12-31,0.308,0.24,0.684,0.598716312589145,0.48333333333333334,0.37662337662337664,0.4233576642335766,0.2035170074223604,0.3722411762748844,False,0.6633886344869006
next_5d_vol_expansion,random_forest,vix_only,2014-12-31,2025-12-31,2026-01-01,2026-06-10,110,2026-01-02,2026-06-10,0.44545454545454544,0.16363636363636364,0.6818181818181818,0.6468718634994981,0.8888888888888888,0.32653061224489793,0.47761194029850745,0.20439094982563197,0.3586158724381368,False,0.7791903646704583
next_5d_vol_expansion,logistic,vrp_only,2015-02-02,2020-02-02,2020-02-03,2021-02-02,253,2020-02-03,2021-02-02,0.308300395256917,0.5731225296442688,0.6007905138339921,0.651025641025641,0.4206896551724138,0.782051282051282,0.547085201793722,0.2881779028129224,0.5347235043946492,False,0.7556043956043956
next_5d_vol_expansion,logistic,vrp_only,2015-02-02,2021-02-02,2021-02-03,2022-02-02,253,2021-02-03,2022-02-02,0.4031620553359684,0.2134387351778656,0.7154150197628458,0.6661472536034281,0.7777777777777778,0.4117647058823529,0.5384615384615384,0.1893462980275095,0.33486108210183096,False,0.7699649396182315
next_5d_vol_expansion,logistic,vrp_only,2015-02-02,2022-02-02,2022-02-03,2023-02-02,251,2022-02-03,2023-02-02,0.42231075697211157,0.08764940239043825,0.6573705179282868,0.595608327911516,0.9545454545454546,0.19811320754716982,0.328125,0.24056706476943962,0.23709319279151334,False,0.7115810019518544
next_5d_vol_expansion,logistic,vrp_only,2015-02-02,2023-02-02,2023-02-03,2024-02-02,251,2023-02-03,2024-02-02,0.4103585657370518,0.199203187250996,0.701195219123506,0.6521582261873524,0.78,0.3786407766990291,0.5098039215686274,0.20652370052376443,0.36050534608210416,False,0.7356992915245342
next_5d_vol_expansion,logistic,vrp_only,2015-02-02,2024-02-02,2024-02-03,2025-02-02,249,2024-02-05,2025-01-31,0.37349397590361444,0.28112449799196787,0.7389558232931727,0.6961331679073615,0.7,0.5268817204301075,0.6012269938650306,0.20235746380723738,0.37642249673205047,False,0.7311827956989247
next_5d_vol_expansion,logistic,vrp_only,2015-02-02,2025-02-02,2025-02-03,2026-02-02,251,2025-02-03,2026-02-02,0.3187250996015936,0.3187250996015936,0.7051792828685259,0.660562865497076,0.5375,0.5375,0.5375,0.19320186497414218,0.4137979356636912,False,0.7267543859649124
next_5d_vol_expansion,logistic,vrp_only,2015-02-02,2026-02-02,2026-02-03,2026-06-10,89,2026-02-03,2026-06-10,0.4606741573033708,0.47191011235955055,0.7640449438202247,0.7634654471544715,0.7380952380952381,0.7560975609756098,0.7469879518072289,0.16767529005767803,0.4743267359267535,False,0.850609756097561
next_5d_vol_expansion,random_forest,vrp_only,2015-02-02,2020-02-02,2020-02-03,2021-02-02,253,2020-02-03,2021-02-02,0.308300395256917,0.5731225296442688,0.6086956521739131,0.6602930402930403,0.42758620689655175,0.7948717948717948,0.5560538116591929,0.22400986709063744,0.4973929255477149,False,0.7525274725274724
next_5d_vol_expansion,random_forest,vrp_only,2015-02-02,2021-02-02,2021-02-03,2022-02-02,253,2021-02-03,2022-02-02,0.4031620553359684,0.1857707509881423,0.6956521739130435,0.6400467471756914,0.7659574468085106,0.35294117647058826,0.48322147651006714,0.19196470839230106,0.37188473256226445,False,0.7594143617711986
next_5d_vol_expansion,random_forest,vrp_only,2015-02-02,2022-02-02,2022-02-03,2023-02-02,251,2022-02-03,2023-02-02,0.42231075697211157,0.12749003984063745,0.6812749003984063,0.6264476252439818,0.90625,0.27358490566037735,0.42028985507246375,0.23155244011201778,0.2760172458467306,False,0.6854261548471048
next_5d_vol_expansion,random_forest,vrp_only,2015-02-02,2023-02-02,2023-02-03,2024-02-02,251,2023-02-03,2024-02-02,0.4103585657370518,0.20318725099601595,0.6414342629482072,0.5911506166360535,0.6274509803921569,0.3106796116504854,0.4155844155844156,0.2154092397448079,0.3740990052705847,False,0.6853188139595907
next_5d_vol_expansion,random_forest,vrp_only,2015-02-02,2024-02-02,2024-02-03,2025-02-02,249,2024-02-05,2025-01-31,0.37349397590361444,0.3895582329317269,0.6626506024096386,0.6439205955334988,0.5463917525773195,0.5698924731182796,0.5578947368421052,0.21481575433042022,0.42561810518785836,False,0.7079542321477805
next_5d_vol_expansion,random_forest,vrp_only,2015-02-02,2025-02-02,2025-02-03,2026-02-02,251,2025-02-03,2026-02-02,0.3187250996015936,0.26693227091633465,0.7171314741035857,0.6527046783625731,0.5671641791044776,0.475,0.5170068027210885,0.1833720317047823,0.3917420146390166,False,0.7451754385964912
next_5d_vol_expansion,random_forest,vrp_only,2015-02-02,2026-02-02,2026-02-03,2026-06-10,89,2026-02-03,2026-06-10,0.4606741573033708,0.29213483146067415,0.8089887640449438,0.7944613821138211,0.9615384615384616,0.6097560975609756,0.746268656716418,0.1630292503838945,0.41695558344709216,False,0.861280487804878
next_5d_vol_expansion,logistic,extreme_vrp,2015-02-02,2020-02-02,2020-02-03,2021-02-02,253,2020-02-03,2021-02-02,0.308300395256917,0.33992094861660077,0.6837944664031621,0.6435164835164835,0.4883720930232558,0.5384615384615384,0.5121951219512195,0.2304658037059644,0.4691329003468997,False,0.7196336996336996
next_5d_vol_expansion,logistic,extreme_vrp,2015-02-02,2021-02-02,2021-02-03,2022-02-02,253,2021-02-03,2022-02-02,0.4031620553359684,0.06719367588932806,0.6482213438735178,0.5669068952084145,0.8823529411764706,0.14705882352941177,0.25210084033613445,0.22439140873633087,0.34502341518547897,False,0.5841449162446437
next_5d_vol_expansion,logistic,extreme_vrp,2015-02-02,2022-02-02,2022-02-03,2023-02-02,251,2022-02-03,2023-02-02,0.42231075697211157,0.0796812749003984,0.649402390438247,0.586174365647365,0.95,0.1792452830188679,0.30158730158730157,0.21756418845617279,0.3274994120395413,False,0.6932986337020169
next_5d_vol_expansion,logistic,extreme_vrp,2015-02-02,2023-02-02,2023-02-03,2024-02-02,251,2023-02-03,2024-02-02,0.4103585657370518,0.05976095617529881,0.6175298804780877,0.5398845447389137,0.7333333333333333,0.10679611650485436,0.1864406779661017,0.23147226340906568,0.36956584908806395,False,0.6157832589871425
next_5d_vol_expansion,logistic,extreme_vrp,2015-02-02,2024-02-02,2024-02-03,2025-02-02,249,2024-02-05,2025-01-31,0.37349397590361444,0.15261044176706828,0.6506024096385542,0.5669975186104219,0.5789473684210527,0.23655913978494625,0.33587786259541985,0.2181553191343192,0.39024904420793244,False,0.691204852495175
next_5d_vol_expansion,logistic,extreme_vrp,2015-02-02,2025-02-02,2025-02-03,2026-02-02,251,2025-02-03,2026-02-02,0.3187250996015936,0.07569721115537849,0.7250996015936255,0.5820540935672515,0.7894736842105263,0.1875,0.30303030303030304,0.19649408962518902,0.37069286824563613,False,0.7428362573099415
next_5d_vol_expansion,logistic,extreme_vrp,2015-02-02,2026-02-02,2026-02-03,2026-06-10,89,2026-02-03,2026-06-10,0.4606741573033708,0.24719101123595505,0.7640449438202247,0.745680894308943,0.9545454545454546,0.5121951219512195,0.6666666666666666,0.1860254042282349,0.42364483999695157,False,0.8389227642276422
next_5d_vol_expansion,random_forest,extreme_vrp,2015-02-02,2020-02-02,2020-02-03,2021-02-02,253,2020-02-03,2021-02-02,0.308300395256917,0.42292490118577075,0.6324110671936759,0.6205860805860806,0.42990654205607476,0.5897435897435898,0.4972972972972973,0.21556863131747014,0.4196378785110581,False,0.6574358974358975
next_5d_vol_expansion,random_forest,extreme_vrp,2015-02-02,2021-02-02,2021-02-03,2022-02-02,253,2021-02-03,2022-02-02,0.4031620553359684,0.17786561264822134,0.6561264822134387,0.5973899493572263,0.6666666666666666,0.29411764705882354,0.40816326530612246,0.23605557865043253,0.37254653441640373,False,0.5850863524217635
next_5d_vol_expansion,random_forest,extreme_vrp,2015-02-02,2022-02-02,2022-02-03,2023-02-02,251,2022-02-03,2023-02-02,0.42231075697211157,0.13147410358565736,0.6215139442231076,0.5658425504229018,0.6666666666666666,0.20754716981132076,0.31654676258992803,0.2453510545127908,0.30578644409937056,False,0.6124593363695511
next_5d_vol_expansion,random_forest,extreme_vrp,2015-02-02,2023-02-02,2023-02-03,2024-02-02,251,2023-02-03,2024-02-02,0.4103585657370518,0.1553784860557769,0.6175298804780877,0.5575964313828392,0.5897435897435898,0.22330097087378642,0.323943661971831,0.2483757868384407,0.37308123020731065,False,0.5635659931776437
next_5d_vol_expansion,random_forest,extreme_vrp,2015-02-02,2024-02-02,2024-02-03,2025-02-02,249,2024-02-05,2025-01-31,0.37349397590361444,0.2248995983935743,0.6345381526104418,0.5693755169561621,0.5178571428571429,0.3118279569892473,0.38926174496644295,0.23630597120321906,0.4042340577578304,False,0.6329266611524677
next_5d_vol_expansion,random_forest,extreme_vrp,2015-02-02,2025-02-02,2025-02-03,2026-02-02,251,2025-02-03,2026-02-02,0.3187250996015936,0.14741035856573706,0.7091633466135459,0.593640350877193,0.5945945945945946,0.275,0.37606837606837606,0.2004941791136558,0.34784735391993493,False,0.6505482456140351
next_5d_vol_expansion,random_forest,extreme_vrp,2015-02-02,2026-02-02,2026-02-03,2026-06-10,89,2026-02-03,2026-06-10,0.4606741573033708,0.29213483146067415,0.7415730337078652,0.7266260162601625,0.8461538461538461,0.5365853658536586,0.6567164179104478,0.20093076553780712,0.41735031033716025,False,0.735010162601626
next_5d_vol_expansion,logistic,combined,2015-02-02,2020-02-02,2020-02-03,2021-02-02,253,2020-02-03,2021-02-02,0.308300395256917,0.5612648221343873,0.6047430830039525,0.6503296703296704,0.4225352112676056,0.7692307692307693,0.5454545454545454,0.2936142284482727,0.5371807052893007,False,0.7553113553113553
next_5d_vol_expansion,logistic,combined,2015-02-02,2021-02-02,2021-02-03,2022-02-02,253,2021-02-03,2022-02-02,0.4031620553359684,0.2015810276679842,0.6956521739130435,0.6432281521880275,0.7450980392156863,0.37254901960784315,0.49673202614379086,0.19058834864208068,0.3093616230413066,False,0.7947019867549668
next_5d_vol_expansion,logistic,combined,2015-02-02,2022-02-02,2022-02-03,2023-02-02,251,2022-02-03,2023-02-02,0.42231075697211157,0.06374501992031872,0.6414342629482072,0.5754716981132075,1.0,0.1509433962264151,0.26229508196721313,0.2675124746771844,0.17798200969872238,False,0.6996746909564086
next_5d_vol_expansion,logistic,combined,2015-02-02,2023-02-02,2023-02-03,2024-02-02,251,2023-02-03,2024-02-02,0.4103585657370518,0.13545816733067728,0.6772908366533864,0.6156520598268171,0.8235294117647058,0.27184466019417475,0.40875912408759124,0.21512941580712738,0.29728449552548664,False,0.746457622671215
next_5d_vol_expansion,logistic,combined,2015-02-02,2024-02-02,2024-02-03,2025-02-02,249,2024-02-05,2025-01-31,0.37349397590361444,0.30522088353413657,0.7309236947791165,0.6940653432588917,0.6710526315789473,0.5483870967741935,0.6035502958579881,0.20344519323236257,0.41060358465452246,False,0.73607664736697
next_5d_vol_expansion,logistic,combined,2015-02-02,2025-02-02,2025-02-03,2026-02-02,251,2025-02-03,2026-02-02,0.3187250996015936,0.35856573705179284,0.6812749003984063,0.649671052631579,0.5,0.5625,0.5294117647058824,0.1985276621218355,0.4298930533247647,False,0.7325292397660819
next_5d_vol_expansion,logistic,combined,2015-02-02,2026-02-02,2026-02-03,2026-06-10,89,2026-02-03,2026-06-10,0.4606741573033708,0.5280898876404494,0.7303370786516854,0.7339939024390244,0.6808510638297872,0.7804878048780488,0.7272727272727273,0.17222200603658525,0.5052554241155871,False,0.8419715447154472
next_5d_vol_expansion,random_forest,combined,2015-02-02,2020-02-02,2020-02-03,2021-02-02,253,2020-02-03,2021-02-02,0.308300395256917,0.5335968379446641,0.616600790513834,0.6517948717948718,0.42962962962962964,0.7435897435897436,0.5446009389671361,0.21174739537895412,0.47187145358677635,False,0.7445054945054944
next_5d_vol_expansion,random_forest,combined,2015-02-02,2021-02-02,2021-02-03,2022-02-02,253,2021-02-03,2022-02-02,0.4031620553359684,0.2134387351778656,0.7154150197628458,0.6661472536034281,0.7777777777777778,0.4117647058823529,0.5384615384615384,0.19101983562033084,0.4144608062907064,False,0.7695753798208025
next_5d_vol_expansion,random_forest,combined,2015-02-02,2022-02-02,2022-02-03,2023-02-02,251,2022-02-03,2023-02-02,0.42231075697211157,0.11952191235059761,0.6812749003984063,0.6251789199739752,0.9333333333333333,0.2641509433962264,0.4117647058823529,0.2505664313908256,0.21623224212681907,False,0.6860767729342877
next_5d_vol_expansion,random_forest,combined,2015-02-02,2023-02-02,2023-02-03,2024-02-02,251,2023-02-03,2024-02-02,0.4103585657370518,0.2350597609561753,0.7051792828685259,0.6629165573340331,0.7457627118644068,0.42718446601941745,0.5432098765432098,0.21057382905458813,0.3450405703098094,False,0.7160850170558909
next_5d_vol_expansion,random_forest,combined,2015-02-02,2024-02-02,2024-02-03,2025-02-02,249,2024-02-05,2025-01-31,0.37349397590361444,0.41365461847389556,0.6706827309236948,0.6590157154673284,0.5533980582524272,0.6129032258064516,0.5816326530612245,0.21595499746274077,0.40999371859529604,False,0.7185001378549766
next_5d_vol_expansion,random_forest,combined,2015-02-02,2025-02-02,2025-02-03,2026-02-02,251,2025-02-03,2026-02-02,0.3187250996015936,0.38645418326693226,0.6852589641434262,0.6658991228070176,0.5051546391752577,0.6125,0.5536723163841808,0.19320228599385358,0.4332064141725299,False,0.7429093567251462
next_5d_vol_expansion,random_forest,combined,2015-02-02,2026-02-02,2026-02-03,2026-06-10,89,2026-02-03,2026-06-10,0.4606741573033708,0.3595505617977528,0.8314606741573034,0.8224085365853658,0.90625,0.7073170731707317,0.7945205479452054,0.1586081756872959,0.45052396956052226,False,0.9242886178861789
next_21d_vol_expansion,logistic,rv_only,2014-04-03,2019-04-03,2019-04-04,2020-04-03,253,2019-04-04,2020-04-03,0.5454545454545454,0.4150197628458498,0.7035573122529645,0.7130434782608697,0.8,0.6086956521739131,0.691358024691358,0.21853740796132173,0.40894457370019704,False,0.7771896660365469
next_21d_vol_expansion,logistic,rv_only,2014-04-03,2020-04-03,2020-04-04,2021-04-03,250,2020-04-06,2021-04-01,0.412,0.22,0.696,0.6514100785945446,0.7454545454545455,0.39805825242718446,0.5189873417721519,0.19553094610270597,0.3131280810179847,False,0.8016643550624134
next_21d_vol_expansion,logistic,rv_only,2014-04-03,2021-04-03,2021-04-04,2022-04-03,253,2021-04-05,2022-04-01,0.5691699604743083,0.40711462450592883,0.7351778656126482,0.7528669724770642,0.8737864077669902,0.625,0.728744939271255,0.218637223427368,0.42554053036180645,False,0.7765035677879715
next_21d_vol_expansion,logistic,rv_only,2014-04-03,2022-04-03,2022-04-04,2023-04-03,251,2022-04-04,2023-04-03,0.40239043824701193,0.03187250996015936,0.6135458167330677,0.523036303630363,0.75,0.0594059405940594,0.11009174311926606,0.22802422957270105,0.27756441608047194,False,0.6957755775577558
next_21d_vol_expansion,logistic,rv_only,2014-04-03,2023-04-03,2023-04-04,2024-04-03,251,2023-04-04,2024-04-03,0.5378486055776892,0.5697211155378487,0.7529880478087649,0.7491379310344828,0.7552447552447552,0.8,0.7769784172661871,0.21429923243581586,0.5104181297656067,False,0.7999361430395914
next_21d_vol_expansion,logistic,rv_only,2014-04-03,2024-04-03,2024-04-04,2025-04-03,251,2024-04-04,2025-04-03,0.5258964143426295,0.47808764940239046,0.7211155378486056,0.7228482302011714,0.7583333333333333,0.6893939393939394,0.7222222222222222,0.21080344066685,0.4763903763682841,False,0.7592309651133181
next_21d_vol_expansion,logistic,rv_only,2014-04-03,2025-04-03,2025-04-04,2026-04-03,250,2025-04-04,2026-04-02,0.456,0.612,0.596,0.6066821465428277,0.5424836601307189,0.7280701754385965,0.6217228464419475,0.24229965978253296,0.5101701409844989,False,0.6256449948400413
next_21d_vol_expansion,logistic,rv_only,2014-04-03,2026-04-03,2026-04-04,2026-05-18,31,2026-04-06,2026-05-18,0.2903225806451613,0.41935483870967744,0.8709677419354839,0.9090909090909092,0.6923076923076923,1.0,0.8181818181818182,0.12459779474120626,0.3978844825399111,False,0.9898989898989898
next_21d_vol_expansion,random_forest,rv_only,2014-04-03,2019-04-03,2019-04-04,2020-04-03,253,2019-04-04,2020-04-03,0.5454545454545454,0.5098814229249012,0.5533596837944664,0.5528985507246377,0.5968992248062015,0.5579710144927537,0.5767790262172284,0.2917221361299123,0.4447806646899445,False,0.5906427221172023
next_21d_vol_expansion,random_forest,rv_only,2014-04-03,2020-04-03,2020-04-04,2021-04-03,250,2020-04-06,2021-04-01,0.412,0.256,0.612,0.5712634568390463,0.546875,0.33980582524271846,0.41916167664670656,0.24367625244660504,0.31508703833361595,False,0.6415032032230368
next_21d_vol_expansion,random_forest,rv_only,2014-04-03,2021-04-03,2021-04-04,2022-04-03,253,2021-04-05,2022-04-01,0.5691699604743083,0.33201581027667987,0.7233201581027668,0.7513697757390418,0.9404761904761905,0.5486111111111112,0.6929824561403509,0.19211666129442734,0.4181678626490006,False,0.8336518858307849
next_21d_vol_expansion,random_forest,rv_only,2014-04-03,2022-04-03,2022-04-04,2023-04-03,251,2022-04-04,2023-04-03,0.40239043824701193,0.1394422310756972,0.5936254980079682,0.5241584158415842,0.4857142857142857,0.16831683168316833,0.25,0.3164108081568843,0.2083117253175495,False,0.6258415841584158
next_21d_vol_expansion,random_forest,rv_only,2014-04-03,2023-04-03,2023-04-04,2024-04-03,251,2023-04-04,2024-04-03,0.5378486055776892,0.3346613545816733,0.6613545816733067,0.6748722860791826,0.7976190476190477,0.4962962962962963,0.6118721461187214,0.22419314319740027,0.4306466505782407,False,0.728352490421456
next_21d_vol_expansion,random_forest,rv_only,2014-04-03,2024-04-03,2024-04-04,2025-04-03,251,2024-04-04,2025-04-03,0.5258964143426295,0.3705179282868526,0.6932270916334662,0.7004710975299211,0.7956989247311828,0.5606060606060606,0.6577777777777778,0.22198830461975144,0.4277149547918323,False,0.7307104660045837
next_21d_vol_expansion,random_forest,rv_only,2014-04-03,2025-04-03,2025-04-04,2026-04-03,250,2025-04-04,2026-04-02,0.456,0.404,0.596,0.5882352941176471,0.5643564356435643,0.5,0.5302325581395348,0.23752420888806283,0.46827877086797853,False,0.6509932920536635
next_21d_vol_expansion,random_forest,rv_only,2014-04-03,2026-04-03,2026-04-04,2026-05-18,31,2026-04-06,2026-05-18,0.2903225806451613,0.3225806451612903,0.9032258064516129,0.898989898989899,0.8,0.8888888888888888,0.8421052631578947,0.0938136637205666,0.3964697779626264,False,0.9898989898989898
next_21d_vol_expansion,logistic,vix_only,2014-12-31,2019-12-31,2020-01-01,2020-12-31,253,2020-01-02,2020-12-31,0.47035573122529645,0.09090909090909091,0.6126482213438735,0.5887056315063339,0.9565217391304348,0.18487394957983194,0.30985915492957744,0.2739397165502191,0.18860353798691099,False,0.7845227643296123
next_21d_vol_expansion,logistic,vix_only,2014-12-31,2020-12-31,2021-01-01,2021-12-31,252,2021-01-04,2021-12-31,0.5396825396825397,0.48412698412698413,0.626984126984127,0.6290567951318458,0.6721311475409836,0.6029411764705882,0.6356589147286822,0.2296486657404786,0.47600251870298516,False,0.6869929006085193
next_21d_vol_expansion,logistic,vix_only,2014-12-31,2021-12-31,2022-01-01,2022-12-31,251,2022-01-03,2022-12-30,0.4940239043824701,0.20717131474103587,0.6095617529880478,0.6060769621539243,0.75,0.31451612903225806,0.4431818181818182,0.23358018998745006,0.37077790593405147,False,0.7154559309118618
next_21d_vol_expansion,logistic,vix_only,2014-12-31,2022-12-31,2023-01-01,2023-12-31,250,2023-01-03,2023-12-29,0.456,0.712,0.552,0.5712074303405573,0.5056179775280899,0.7894736842105263,0.6164383561643836,0.24178494428403202,0.5352071794058156,False,0.6262899896800825
next_21d_vol_expansion,logistic,vix_only,2014-12-31,2023-12-31,2024-01-01,2024-12-31,252,2024-01-02,2024-12-31,0.5079365079365079,0.5833333333333334,0.5833333333333334,0.58203125,0.5782312925170068,0.6640625,0.6181818181818182,0.24239677788498823,0.4960411015525245,False,0.6139742943548387
next_21d_vol_expansion,logistic,vix_only,2014-12-31,2024-12-31,2025-01-01,2025-12-31,250,2025-01-02,2025-12-31,0.432,0.424,0.576,0.5669014084507042,0.5094339622641509,0.5,0.5046728971962616,0.23482505813171303,0.4620596033693974,False,0.6065466875326031
next_21d_vol_expansion,logistic,vix_only,2014-12-31,2025-12-31,2026-01-01,2026-05-18,94,2026-01-02,2026-05-18,0.6276595744680851,0.39361702127659576,0.5957446808510638,0.6314769975786925,0.7837837837837838,0.4915254237288136,0.6041666666666666,0.23104715970054998,0.45257726029380013,False,0.7443099273607748
next_21d_vol_expansion,random_forest,vix_only,2014-12-31,2019-12-31,2020-01-01,2020-12-31,253,2020-01-02,2020-12-31,0.47035573122529645,0.1857707509881423,0.5810276679841897,0.5626175843471717,0.6382978723404256,0.25210084033613445,0.3614457831325301,0.2465767390157408,0.31945174983052826,False,0.6897968142480873
next_21d_vol_expansion,random_forest,vix_only,2014-12-31,2020-12-31,2021-01-01,2021-12-31,252,2021-01-04,2021-12-31,0.5396825396825397,0.16666666666666666,0.5317460317460317,0.5585699797160244,0.7142857142857143,0.22058823529411764,0.33707865168539325,0.2699566410151668,0.3581281917914047,False,0.6320993914807302
next_21d_vol_expansion,random_forest,vix_only,2014-12-31,2021-12-31,2022-01-01,2022-12-31,251,2022-01-03,2022-12-30,0.4940239043824701,0.2908366533864542,0.5657370517928287,0.563246126492253,0.6027397260273972,0.3548387096774194,0.4467005076142132,0.24796388306434702,0.40810889347649726,False,0.6268732537465075
next_21d_vol_expansion,random_forest,vix_only,2014-12-31,2022-12-31,2023-01-01,2023-12-31,250,2023-01-03,2023-12-29,0.456,0.536,0.608,0.6120356037151703,0.5597014925373134,0.6578947368421053,0.6048387096774194,0.23876169787135124,0.510559807548144,False,0.6285474716202271
next_21d_vol_expansion,random_forest,vix_only,2014-12-31,2023-12-31,2024-01-01,2024-12-31,252,2024-01-02,2024-12-31,0.5079365079365079,0.49603174603174605,0.5515873015873016,0.5516633064516129,0.56,0.546875,0.5533596837944664,0.23773831218018623,0.4923836841572638,False,0.6277721774193549
next_21d_vol_expansion,random_forest,vix_only,2014-12-31,2024-12-31,2025-01-01,2025-12-31,250,2025-01-02,2025-12-31,0.432,0.428,0.572,0.5633802816901409,0.5046728971962616,0.5,0.5023255813953489,0.24763598309051718,0.45408934934028744,False,0.5938967136150235
next_21d_vol_expansion,random_forest,vix_only,2014-12-31,2025-12-31,2026-01-01,2026-05-18,94,2026-01-02,2026-05-18,0.6276595744680851,0.39361702127659576,0.6382978723404256,0.676997578692494,0.8378378378378378,0.5254237288135594,0.6458333333333334,0.22972539543969442,0.44770061154809077,False,0.7462469733656174
next_21d_vol_expansion,logistic,vrp_only,2015-02-02,2020-02-02,2020-02-03,2021-02-02,253,2020-02-03,2021-02-02,0.4624505928853755,0.5770750988142292,0.7035573122529645,0.7105329311211664,0.6438356164383562,0.8034188034188035,0.714828897338403,0.2053466458212905,0.560458657983236,False,0.7921065862242334
next_21d_vol_expansion,logistic,vrp_only,2015-02-02,2021-02-02,2021-02-03,2022-02-02,253,2021-02-03,2022-02-02,0.549407114624506,0.43478260869565216,0.758893280632411,0.7679540578063865,0.8545454545454545,0.6762589928057554,0.7550200803212851,0.16558512625862262,0.509487761278349,False,0.8383819260381168
next_21d_vol_expansion,logistic,vrp_only,2015-02-02,2022-02-02,2022-02-03,2023-02-02,251,2022-02-03,2023-02-02,0.4103585657370518,0.043824701195219126,0.6095617529880478,0.5286998163211756,0.7272727272727273,0.07766990291262135,0.14035087719298245,0.23087650662703033,0.2526489580836195,False,0.7630543164523746
next_21d_vol_expansion,logistic,vrp_only,2015-02-02,2023-02-02,2023-02-03,2024-02-02,251,2023-02-03,2024-02-02,0.5378486055776892,0.26294820717131473,0.6215139442231076,0.6402618135376756,0.803030303030303,0.3925925925925926,0.527363184079602,0.21943671652311317,0.4206782512091245,False,0.7662835249042146
next_21d_vol_expansion,logistic,vrp_only,2015-02-02,2024-02-02,2024-02-03,2025-02-02,249,2024-02-05,2025-01-31,0.42971887550200805,0.3614457831325301,0.8032128514056225,0.7894563643543504,0.8222222222222222,0.6915887850467289,0.751269035532995,0.15622733109928374,0.4477959700388991,False,0.848361195208635
next_21d_vol_expansion,logistic,vrp_only,2015-02-02,2025-02-02,2025-02-03,2026-02-02,251,2025-02-03,2026-02-02,0.5099601593625498,0.5378486055776892,0.6852589641434262,0.6845782520325203,0.6814814814814815,0.71875,0.6996197718631179,0.21386466071223048,0.522605848282014,False,0.7172891260162602
next_21d_vol_expansion,logistic,vrp_only,2015-02-02,2026-02-02,2026-02-03,2026-05-18,73,2026-02-03,2026-05-18,0.5205479452054794,0.589041095890411,0.8767123287671232,0.8736842105263158,0.8372093023255814,0.9473684210526315,0.8888888888888888,0.13265884512522247,0.5834338370749138,False,0.9323308270676691
next_21d_vol_expansion,random_forest,vrp_only,2015-02-02,2020-02-02,2020-02-03,2021-02-02,253,2020-02-03,2021-02-02,0.4624505928853755,0.5375494071146245,0.7035573122529645,0.7075477626948214,0.6544117647058824,0.7606837606837606,0.7035573122529645,0.18613583160863792,0.5081459555807775,False,0.7937719959778783
next_21d_vol_expansion,random_forest,vrp_only,2015-02-02,2021-02-02,2021-02-03,2022-02-02,253,2021-02-03,2022-02-02,0.549407114624506,0.4031620553359684,0.766798418972332,0.7790925154613152,0.8921568627450981,0.6546762589928058,0.7551867219917012,0.1704901038375235,0.5008282390853144,False,0.8234254701501957
next_21d_vol_expansion,random_forest,vrp_only,2015-02-02,2022-02-02,2022-02-03,2023-02-02,251,2022-02-03,2023-02-02,0.4103585657370518,0.17131474103585656,0.6414342629482072,0.5852466544214117,0.6511627906976745,0.27184466019417475,0.3835616438356164,0.21250303792265415,0.2900015262547558,False,0.7642351088953031
next_21d_vol_expansion,random_forest,vrp_only,2015-02-02,2023-02-02,2023-02-03,2024-02-02,251,2023-02-03,2024-02-02,0.5378486055776892,0.41434262948207173,0.6772908366533864,0.6848339719029374,0.7596153846153846,0.5851851851851851,0.6610878661087866,0.2094767326544791,0.46575973215413946,False,0.7564495530012771
next_21d_vol_expansion,random_forest,vrp_only,2015-02-02,2024-02-02,2024-02-03,2025-02-02,249,2024-02-05,2025-01-31,0.42971887550200805,0.5502008032128514,0.7188755020080321,0.7304857180465973,0.635036496350365,0.8130841121495327,0.7131147540983607,0.1813854576775605,0.5064388915503171,False,0.8107147558246676
next_21d_vol_expansion,random_forest,vrp_only,2015-02-02,2025-02-02,2025-02-03,2026-02-02,251,2025-02-03,2026-02-02,0.5099601593625498,0.5657370517928287,0.6414342629482072,0.6401803861788617,0.6338028169014085,0.703125,0.6666666666666666,0.20099132367892636,0.5130905223034599,False,0.7560340447154471
next_21d_vol_expansion,random_forest,vrp_only,2015-02-02,2026-02-02,2026-02-03,2026-05-18,73,2026-02-03,2026-05-18,0.5205479452054794,0.6027397260273972,0.7808219178082192,0.7770676691729324,0.75,0.868421052631579,0.8048780487804879,0.17193959607098236,0.5393558201539242,False,0.8368421052631578
next_21d_vol_expansion,logistic,extreme_vrp,2015-02-02,2020-02-02,2020-02-03,2021-02-02,253,2020-02-03,2021-02-02,0.4624505928853755,0.33992094861660077,0.6403162055335968,0.6290221216691805,0.6511627906976745,0.47863247863247865,0.5517241379310345,0.22392945162200995,0.5141506686798182,False,0.7610608345902463
next_21d_vol_expansion,logistic,extreme_vrp,2015-02-02,2021-02-02,2021-02-03,2022-02-02,253,2021-02-03,2022-02-02,0.549407114624506,0.06719367588932806,0.5019762845849802,0.5451849047078127,0.8823529411764706,0.1079136690647482,0.19230769230769232,0.23607574867333259,0.4532250422913533,False,0.5670200681560016
next_21d_vol_expansion,logistic,extreme_vrp,2015-02-02,2022-02-02,2022-02-03,2023-02-02,251,2022-02-03,2023-02-02,0.4103585657370518,0.1752988047808765,0.5816733067729084,0.5242390448701129,0.4772727272727273,0.20388349514563106,0.2857142857142857,0.2197449220312018,0.4217719238638046,False,0.6538966150616636
next_21d_vol_expansion,logistic,extreme_vrp,2015-02-02,2023-02-02,2023-02-03,2024-02-02,251,2023-02-03,2024-02-02,0.5378486055776892,0.05976095617529881,0.4581673306772908,0.49144316730523624,0.4666666666666667,0.05185185185185185,0.09333333333333334,0.2443636392596156,0.48127196715782805,False,0.6307790549169858
next_21d_vol_expansion,logistic,extreme_vrp,2015-02-02,2024-02-02,2024-02-03,2025-02-02,249,2024-02-05,2025-01-31,0.42971887550200805,0.3333333333333333,0.6305220883534136,0.6092536527576675,0.5903614457831325,0.45794392523364486,0.5157894736842106,0.21240702722994384,0.4741235330712286,False,0.7002106094510991
next_21d_vol_expansion,logistic,extreme_vrp,2015-02-02,2025-02-02,2025-02-03,2026-02-02,251,2025-02-03,2026-02-02,0.5099601593625498,0.09163346613545817,0.5418326693227091,0.5499872967479675,0.782608695652174,0.140625,0.23841059602649006,0.23673634240909955,0.4662848789858128,False,0.6955665650406504
next_21d_vol_expansion,logistic,extreme_vrp,2015-02-02,2026-02-02,2026-02-03,2026-05-18,73,2026-02-03,2026-05-18,0.5205479452054794,0.3013698630136986,0.726027397260274,0.7345864661654136,0.9090909090909091,0.5263157894736842,0.6666666666666666,0.20314989649571397,0.5347847992192216,False,0.8218045112781954
next_21d_vol_expansion,random_forest,extreme_vrp,2015-02-02,2020-02-02,2020-02-03,2021-02-02,253,2020-02-03,2021-02-02,0.4624505928853755,0.35177865612648224,0.5177865612648221,0.5066930618401206,0.47191011235955055,0.358974358974359,0.4077669902912621,0.24205833831546122,0.4686089830442314,False,0.5939228255404726
next_21d_vol_expansion,random_forest,extreme_vrp,2015-02-02,2021-02-02,2021-02-03,2022-02-02,253,2021-02-03,2022-02-02,0.549407114624506,0.43478260869565216,0.5612648221343873,0.5683768774454121,0.6272727272727273,0.49640287769784175,0.5542168674698795,0.25131364862290595,0.46009981440066566,False,0.6197147545121797
next_21d_vol_expansion,random_forest,extreme_vrp,2015-02-02,2022-02-02,2022-02-03,2023-02-02,251,2022-02-03,2023-02-02,0.4103585657370518,0.350597609561753,0.6374501992031872,0.6143400682235634,0.5681818181818182,0.4854368932038835,0.5235602094240838,0.21488904536880626,0.3891594008396883,False,0.7081474678562057
next_21d_vol_expansion,random_forest,extreme_vrp,2015-02-02,2023-02-02,2023-02-03,2024-02-02,251,2023-02-03,2024-02-02,0.5378486055776892,0.3745019920318725,0.5099601593625498,0.5195721583652618,0.5638297872340425,0.3925925925925926,0.462882096069869,0.26200128918078575,0.4771457848232587,False,0.5588761174968072
next_21d_vol_expansion,random_forest,extreme_vrp,2015-02-02,2024-02-02,2024-02-03,2025-02-02,249,2024-02-05,2025-01-31,0.42971887550200805,0.4979919678714859,0.6104417670682731,0.61237988679742,0.5403225806451613,0.6261682242990654,0.5800865800865801,0.2304586113565721,0.4823814915352274,False,0.669408977227853
next_21d_vol_expansion,random_forest,extreme_vrp,2015-02-02,2025-02-02,2025-02-03,2026-02-02,251,2025-02-03,2026-02-02,0.5099601593625498,0.4541832669322709,0.5537848605577689,0.5547192581300813,0.5701754385964912,0.5078125,0.5371900826446281,0.2598801489147212,0.46212497490064547,False,0.5728213922764228
next_21d_vol_expansion,random_forest,extreme_vrp,2015-02-02,2026-02-02,2026-02-03,2026-05-18,73,2026-02-03,2026-05-18,0.5205479452054794,0.4657534246575342,0.6164383561643836,0.6180451127819548,0.6470588235294118,0.5789473684210527,0.6111111111111112,0.2174999742288932,0.49917746940933305,False,0.7075187969924812
next_21d_vol_expansion,logistic,combined,2015-02-02,2020-02-02,2020-02-03,2021-02-02,253,2020-02-03,2021-02-02,0.4624505928853755,0.4743083003952569,0.6403162055335968,0.6391716943187531,0.6083333333333333,0.6239316239316239,0.6160337552742616,0.2744597014979418,0.476475399943643,False,0.7171945701357466
next_21d_vol_expansion,logistic,combined,2015-02-02,2021-02-02,2021-02-03,2022-02-02,253,2021-02-03,2022-02-02,0.549407114624506,0.4426877470355731,0.758893280632411,0.767165215196264,0.8482142857142857,0.6834532374100719,0.7569721115537849,0.16653358516101419,0.498983871180683,False,0.8405906853464596
next_21d_vol_expansion,logistic,combined,2015-02-02,2022-02-02,2022-02-03,2023-02-02,251,2022-02-03,2023-02-02,0.4103585657370518,0.027888446215139442,0.5936254980079682,0.5092823405930202,0.5714285714285714,0.038834951456310676,0.07272727272727272,0.23512618895224904,0.20038859159826983,False,0.8445945945945946
next_21d_vol_expansion,logistic,combined,2015-02-02,2023-02-02,2023-02-03,2024-02-02,251,2023-02-03,2024-02-02,0.5378486055776892,0.20717131474103587,0.6055776892430279,0.6284802043422733,0.8461538461538461,0.32592592592592595,0.47058823529411764,0.22741945183530324,0.37025297369973004,False,0.789655172413793
next_21d_vol_expansion,logistic,combined,2015-02-02,2024-02-02,2024-02-03,2025-02-02,249,2024-02-05,2025-01-31,0.42971887550200805,0.3815261044176707,0.7831325301204819,0.7718507305515334,0.7789473684210526,0.6915887850467289,0.7326732673267327,0.16704562311903282,0.48075443557915987,False,0.8257206792154798
next_21d_vol_expansion,logistic,combined,2015-02-02,2025-02-02,2025-02-03,2026-02-02,251,2025-02-03,2026-02-02,0.5099601593625498,0.5856573705179283,0.6533864541832669,0.6517403455284553,0.6394557823129252,0.734375,0.6836363636363636,0.22870687804085177,0.5533064005060866,False,0.7000127032520326
next_21d_vol_expansion,logistic,combined,2015-02-02,2026-02-02,2026-02-03,2026-05-18,73,2026-02-03,2026-05-18,0.5205479452054794,0.6712328767123288,0.821917808219178,0.8154135338345865,0.7551020408163265,0.9736842105263158,0.8505747126436781,0.14213881178971938,0.5983305255811451,False,0.9300751879699247
next_21d_vol_expansion,random_forest,combined,2015-02-02,2020-02-02,2020-02-03,2021-02-02,253,2020-02-03,2021-02-02,0.4624505928853755,0.4426877470355731,0.7114624505928854,0.7083333333333333,0.6964285714285714,0.6666666666666666,0.6812227074235808,0.19607855981031388,0.4247019540621275,False,0.7690422322775264
next_21d_vol_expansion,random_forest,combined,2015-02-02,2021-02-02,2021-02-03,2022-02-02,253,2021-02-03,2022-02-02,0.549407114624506,0.45849802371541504,0.758893280632411,0.7655875299760192,0.8362068965517241,0.697841726618705,0.7607843137254902,0.17888918882015561,0.5128044447726711,False,0.8073961883125078
next_21d_vol_expansion,random_forest,combined,2015-02-02,2022-02-02,2022-02-03,2023-02-02,251,2022-02-03,2023-02-02,0.4103585657370518,0.05179282868525897,0.6175298804780877,0.5384085541852532,0.7692307692307693,0.0970873786407767,0.1724137931034483,0.25404476586928615,0.1732637138457142,False,0.7854893728680136
next_21d_vol_expansion,random_forest,combined,2015-02-02,2023-02-02,2023-02-03,2024-02-02,251,2023-02-03,2024-02-02,0.5378486055776892,0.33067729083665337,0.5856573705179283,0.5990421455938697,0.6867469879518072,0.4222222222222222,0.5229357798165137,0.22426011609223728,0.4302673664466454,False,0.7324393358876118
next_21d_vol_expansion,random_forest,combined,2015-02-02,2024-02-02,2024-02-03,2025-02-02,249,2024-02-05,2025-01-31,0.42971887550200805,0.46586345381526106,0.7389558232931727,0.7388771883638279,0.6810344827586207,0.7383177570093458,0.7085201793721974,0.1698311333784655,0.4960986433582615,False,0.8327629327366066
next_21d_vol_expansion,random_forest,combined,2015-02-02,2025-02-02,2025-02-03,2026-02-02,251,2025-02-03,2026-02-02,0.5099601593625498,0.545816733067729,0.6693227091633466,0.6684768800813008,0.6642335766423357,0.7109375,0.6867924528301886,0.20250274250726455,0.5236962280507214,False,0.7569232723577235
next_21d_vol_expansion,random_forest,combined,2015-02-02,2026-02-02,2026-02-03,2026-05-18,73,2026-02-03,2026-05-18,0.5205479452054794,0.410958904109589,0.8356164383561644,0.8398496240601503,0.9333333333333333,0.7368421052631579,0.8235294117647058,0.16755280206338174,0.4905538019818059,False,0.9142857142857143
