target,model_name,feature_group,n_predictions,first_prediction_date,last_prediction_date,mse,rmse,mae,r2,OOS_R2_vs_rv21_baseline,information_coefficient,directional_vol_hit_rate,train_start,train_end,test_start,test_end
next_5d_realized_volatility,vix_direct_forecast,benchmark,2856,2015-02-02,2026-06-10,0.008810361424032884,0.09386352552526932,0.0708644948007462,0.3318180766151968,0.12498330092779986,0.6446793877300061,0.4880952380952381,,,,
next_5d_realized_volatility,rv21_direct_forecast,benchmark,2856,2015-02-02,2026-06-10,0.01006879232519186,0.10034337210395045,0.06280777897519103,0.23637808959155693,0.0,0.5328162776738816,0.6235994397759104,,,,
next_5d_realized_volatility,avg_vix_rv21_forecast,benchmark,2856,2015-02-02,2026-06-10,0.008283533992673394,0.09101392197171482,0.06301620303927029,0.3717729149510487,0.1773061033399006,0.6170229238772127,0.4880952380952381,,,,
next_5d_realized_volatility,linear,rv_only,253,2019-04-04,2020-04-03,0.030869374930919152,0.1756968267525602,0.08500210280248045,0.5098761247751846,0.05333069757951492,0.5375182845227351,0.6837944664031621,2014-04-03,2019-04-03,2019-04-04,2020-04-03
next_5d_realized_volatility,linear,rv_only,250,2020-04-06,2021-04-01,0.010777820024905444,0.10381628015347807,0.07546196698035855,-0.18398685197818532,0.39486449784178845,0.37580031680506887,0.688,2014-04-03,2020-04-03,2020-04-04,2021-04-03
next_5d_realized_volatility,linear,rv_only,253,2021-04-05,2022-04-01,0.0036333143333990873,0.06027698012839634,0.04828354796141074,0.28376121527751363,0.14707967268588684,0.49456984872938314,0.6086956521739131,2014-04-03,2021-04-03,2021-04-04,2022-04-03
next_5d_realized_volatility,linear,rv_only,251,2022-04-04,2023-04-03,0.00935546393115422,0.09672364721801086,0.07363867526073127,-0.18662732688199024,-0.13706990830917953,0.231782963384557,0.5338645418326693,2014-04-03,2022-04-03,2022-04-04,2023-04-03
next_5d_realized_volatility,linear,rv_only,251,2023-04-04,2024-04-03,0.002069952545947351,0.04549673115672544,0.035708770972265776,-0.3969113337980934,-0.03082799623427679,-0.040865869853917665,0.5697211155378487,2014-04-03,2023-04-03,2023-04-04,2024-04-03
next_5d_realized_volatility,linear,rv_only,251,2024-04-04,2025-04-03,0.009501323953023711,0.09747473494718367,0.053819913497918294,0.17784416278723125,0.06054204301280963,0.43935723771580343,0.6733067729083665,2014-04-03,2024-04-03,2024-04-04,2025-04-03
next_5d_realized_volatility,linear,rv_only,250,2025-04-04,2026-04-02,0.009314917239177387,0.09651381890267004,0.06154205013702129,0.1165442746037485,0.37357415965741103,0.27976268420294725,0.516,2014-04-03,2025-04-03,2025-04-04,2026-04-03
next_5d_realized_volatility,linear,rv_only,47,2026-04-06,2026-06-10,0.003671933607952467,0.06059648181167342,0.0471306629634401,-0.25222018855575423,0.30322199119138327,-0.09054116558741905,0.6595744680851063,2014-04-03,2026-04-03,2026-04-04,2026-06-10
next_5d_realized_volatility,ridge,rv_only,253,2019-04-04,2020-04-03,0.030875250240439255,0.17571354597878688,0.08500824939497854,0.5097828404285926,0.05315051980858998,0.5374278808034372,0.6837944664031621,2014-04-03,2019-04-03,2019-04-04,2020-04-03
next_5d_realized_volatility,ridge,rv_only,250,2020-04-06,2021-04-01,0.010774632003688094,0.10380092486913638,0.07544930518738101,-0.183636635032973,0.39504349366986824,0.3758871021936351,0.688,2014-04-03,2020-04-03,2020-04-04,2021-04-03
next_5d_realized_volatility,ridge,rv_only,253,2021-04-05,2022-04-01,0.003632954705953959,0.0602739969303012,0.04828025712590578,0.28383210898519096,0.1471640952076022,0.49453650309521585,0.6086956521739131,2014-04-03,2021-04-03,2021-04-04,2022-04-03
next_5d_realized_volatility,ridge,rv_only,251,2022-04-04,2023-04-03,0.009353845406277534,0.09671528010752765,0.07363137632337574,-0.18642203659793322,-0.13687319161541955,0.23193018402580157,0.5338645418326693,2014-04-03,2022-04-03,2022-04-04,2023-04-03
next_5d_realized_volatility,ridge,rv_only,251,2023-04-04,2024-04-03,0.002069660851770088,0.045493525382960684,0.035706344229439156,-0.3967144834388814,-0.030682733713718102,-0.040865869853917665,0.5697211155378487,2014-04-03,2023-04-03,2023-04-04,2024-04-03
next_5d_realized_volatility,ridge,rv_only,251,2024-04-04,2025-04-03,0.009501444079345703,0.09747535113732961,0.05381976216008867,0.1778337681772466,0.060530165338750996,0.43933447163726047,0.6733067729083665,2014-04-03,2024-04-03,2024-04-04,2025-04-03
next_5d_realized_volatility,ridge,rv_only,250,2025-04-04,2026-04-02,0.009314237566286356,0.09651029772146781,0.06154003060970695,0.11660873689488438,0.373619867488301,0.2797258196131138,0.516,2014-04-03,2025-04-03,2025-04-04,2026-04-03
next_5d_realized_volatility,ridge,rv_only,47,2026-04-06,2026-06-10,0.0036718038352730746,0.06059541100836824,0.047130281454778836,-0.2521759328620494,0.30324661656830976,-0.09054116558741905,0.6595744680851063,2014-04-03,2026-04-03,2026-04-04,2026-06-10
next_5d_realized_volatility,random_forest,rv_only,253,2019-04-04,2020-04-03,0.05515146729906509,0.23484349533053941,0.11776208034062359,0.12434084145066959,-0.6913267985603995,0.38321412037742203,0.6521739130434783,2014-04-03,2019-04-03,2019-04-04,2020-04-03
next_5d_realized_volatility,random_forest,rv_only,250,2020-04-06,2021-04-01,0.011184270896195378,0.10575571330285366,0.07183100924817869,-0.2286371139486323,0.3720437556571615,0.44963395511142756,0.732,2014-04-03,2020-04-03,2020-04-04,2021-04-03
next_5d_realized_volatility,random_forest,rv_only,253,2021-04-05,2022-04-01,0.003605031827346257,0.060041917252418385,0.047803147094707434,0.2893365731753904,0.15371898932802164,0.49689959473922884,0.5770750988142292,2014-04-03,2021-04-03,2021-04-04,2022-04-03
next_5d_realized_volatility,random_forest,rv_only,251,2022-04-04,2023-04-03,0.011898981913866622,0.10908245465640486,0.08361490240732641,-0.5092417869358088,-0.4462109386919162,0.008477380246061721,0.5816733067729084,2014-04-03,2022-04-03,2022-04-04,2023-04-03
next_5d_realized_volatility,random_forest,rv_only,251,2023-04-04,2024-04-03,0.0022186233107424178,0.0471022643908169,0.0377238449036046,-0.4972420765261163,-0.10486543582310404,-0.1089823976408341,0.6374501992031872,2014-04-03,2023-04-03,2023-04-04,2024-04-03
next_5d_realized_volatility,random_forest,rv_only,251,2024-04-04,2025-04-03,0.009659403804024282,0.09828226596911714,0.05545596188277221,0.16416540886952236,0.04491165564825983,0.4064011395183415,0.6254980079681275,2014-04-03,2024-04-03,2024-04-04,2025-04-03
next_5d_realized_volatility,random_forest,rv_only,250,2025-04-04,2026-04-02,0.012737543370198508,0.11286072554347021,0.06727177232164758,-0.20806823388145412,0.1434034136108524,0.22514094061600012,0.516,2014-04-03,2025-04-03,2025-04-04,2026-04-03
next_5d_realized_volatility,random_forest,rv_only,47,2026-04-06,2026-06-10,0.0038572292688869568,0.062106596017548386,0.05059274390602927,-0.3154105923722694,0.26806069595794235,-0.20548103607770582,0.7446808510638298,2014-04-03,2026-04-03,2026-04-04,2026-06-10
next_5d_realized_volatility,linear,vix_only,253,2020-01-02,2020-12-31,0.029199799223233333,0.17087948742676323,0.10831682961512057,0.5028867893670332,0.34214450917674266,0.6765814352257351,0.5889328063241107,2014-12-31,2019-12-31,2020-01-01,2020-12-31
next_5d_realized_volatility,linear,vix_only,252,2021-01-04,2021-12-31,0.0037047297679136757,0.06086649133894343,0.04837849789298776,0.08472424803803624,0.2591331604360204,0.5053364557954892,0.7341269841269841,2014-12-31,2020-12-31,2021-01-01,2021-12-31
next_5d_realized_volatility,linear,vix_only,251,2022-01-03,2022-12-30,0.007001382789198797,0.08367426599139545,0.06331502858090578,0.038216178923417776,0.17996665801105638,0.4432714854866249,0.7051792828685259,2014-12-31,2021-12-31,2022-01-01,2022-12-31
next_5d_realized_volatility,linear,vix_only,250,2023-01-03,2023-12-29,0.0021727886074782155,0.04661318061962963,0.03625164553322407,-0.029491516783559657,0.02921945680775173,0.4731182258916143,0.696,2014-12-31,2022-12-31,2023-01-01,2023-12-31
next_5d_realized_volatility,linear,vix_only,252,2024-01-02,2024-12-31,0.0035919342609694034,0.0599327478176114,0.04502148548508118,-0.22451513493792574,0.05149383962048815,0.33776207048335927,0.6944444444444444,2014-12-31,2023-12-31,2024-01-01,2024-12-31
next_5d_realized_volatility,linear,vix_only,250,2025-01-02,2025-12-31,0.010367698171438774,0.1018218943618649,0.05798459256376569,0.4354879762369944,0.5003522817826742,0.5658342053472856,0.612,2014-12-31,2024-12-31,2025-01-01,2025-12-31
next_5d_realized_volatility,linear,vix_only,110,2026-01-02,2026-06-10,0.003434278724161726,0.05860271942633487,0.04858956958743684,-0.04356649165210258,0.20230898565129174,0.4445371142618849,0.6181818181818182,2014-12-31,2025-12-31,2026-01-01,2026-06-10
next_5d_realized_volatility,ridge,vix_only,253,2020-01-02,2020-12-31,0.02903405561989136,0.17039382506385423,0.10819295470716704,0.5057084983167869,0.3458786218223048,0.6767466813683862,0.5889328063241107,2014-12-31,2019-12-31,2020-01-01,2020-12-31
next_5d_realized_volatility,ridge,vix_only,252,2021-01-04,2021-12-31,0.003705815664680436,0.06087541100214795,0.048395939210243474,0.08445597071633848,0.2589160042718516,0.5052494707786583,0.7341269841269841,2014-12-31,2020-12-31,2021-01-01,2021-12-31
next_5d_realized_volatility,ridge,vix_only,251,2022-01-03,2022-12-30,0.006997999719675921,0.08365404783796132,0.06330197756071655,0.038680913052467125,0.18036289828109342,0.44323202428381714,0.7051792828685259,2014-12-31,2021-12-31,2022-01-01,2022-12-31
next_5d_realized_volatility,ridge,vix_only,250,2023-01-03,2023-12-29,0.0021720210281942257,0.046604946391925244,0.03624562378309899,-0.02912782914335099,0.029562403669535775,0.47316968271492343,0.696,2014-12-31,2022-12-31,2023-01-01,2023-12-31
next_5d_realized_volatility,ridge,vix_only,252,2024-01-02,2024-12-31,0.003591672331410781,0.0599305625821315,0.04502042296105619,-0.22442584134691934,0.051563006198128036,0.33776207048335927,0.6944444444444444,2014-12-31,2023-12-31,2024-01-01,2024-12-31
next_5d_realized_volatility,ridge,vix_only,250,2025-01-02,2025-12-31,0.010368124779457626,0.10182398921402376,0.05798617214662756,0.4354647478065278,0.5003317223759798,0.5657835165362646,0.612,2014-12-31,2024-12-31,2025-01-01,2025-12-31
next_5d_realized_volatility,ridge,vix_only,110,2026-01-02,2026-06-10,0.0034342563286676266,0.058602528347057065,0.04859022564209059,-0.043559686384072815,0.20231418752505914,0.4445371142618849,0.6181818181818182,2014-12-31,2025-12-31,2026-01-01,2026-06-10
next_5d_realized_volatility,random_forest,vix_only,253,2020-01-02,2020-12-31,0.04591725545186618,0.2142831198481723,0.12460330202088724,0.21827975231523766,-0.034490627542042906,0.6948158541731188,0.6047430830039525,2014-12-31,2019-12-31,2020-01-01,2020-12-31
next_5d_realized_volatility,random_forest,vix_only,252,2021-01-04,2021-12-31,0.004054692488776763,0.06367646730760716,0.047201984040294714,-0.0017361451789841276,0.1891480896714507,0.38339642562623594,0.7261904761904762,2014-12-31,2020-12-31,2021-01-01,2021-12-31
next_5d_realized_volatility,random_forest,vix_only,251,2022-01-03,2022-12-30,0.010890194124465517,0.10435609289574575,0.07826497994618266,-0.4959919822485215,-0.27550836051570293,0.32924606336558526,0.6414342629482072,2014-12-31,2021-12-31,2022-01-01,2022-12-31
next_5d_realized_volatility,random_forest,vix_only,250,2023-01-03,2023-12-29,0.0020753166157742296,0.04555564307277672,0.035300230975468354,0.01669180185032948,0.07276898239286977,0.5177689243027889,0.68,2014-12-31,2022-12-31,2023-01-01,2023-12-31
next_5d_realized_volatility,random_forest,vix_only,252,2024-01-02,2024-12-31,0.004306453470163382,0.06562357404289546,0.04754572762985573,-0.4680996557820718,-0.13718608111032138,0.3176370370203732,0.6706349206349206,2014-12-31,2023-12-31,2024-01-01,2024-12-31
next_5d_realized_volatility,random_forest,vix_only,250,2025-01-02,2025-12-31,0.009920035499208878,0.0995993749940675,0.05641700653235753,0.45986281401533846,0.5219263697829326,0.5535544568713099,0.66,2014-12-31,2024-12-31,2025-01-01,2025-12-31
next_5d_realized_volatility,random_forest,vix_only,110,2026-01-02,2026-06-10,0.0034077456418160693,0.05837589949470645,0.0474519626834971,-0.03550394406056068,0.20847191040786373,0.4246286319680815,0.7,2014-12-31,2025-12-31,2026-01-01,2026-06-10
next_5d_realized_volatility,linear,vrp_only,253,2020-02-03,2021-02-02,0.14754070327554153,0.3841102748893103,0.24249778699064187,-1.5303246033416866,-2.304100728755327,0.3240128580765349,0.6877470355731226,2015-02-02,2020-02-02,2020-02-03,2021-02-02
next_5d_realized_volatility,linear,vrp_only,253,2021-02-03,2022-02-02,0.005029952356770476,0.07092215702282663,0.051228740282436305,-0.2408827342753479,-0.07333044951624679,0.3256201176433973,0.6403162055335968,2015-02-02,2021-02-02,2021-02-03,2022-02-02
next_5d_realized_volatility,linear,vrp_only,251,2022-02-03,2023-02-02,0.017603744512352137,0.13267910352558213,0.1082010209946465,-1.4201011165419772,-1.0831784615342288,0.1179115917283248,0.5856573705179283,2015-02-02,2022-02-02,2022-02-03,2023-02-02
next_5d_realized_volatility,linear,vrp_only,251,2023-02-03,2024-02-02,0.003079613380511069,0.05549426439291784,0.04767325925227834,-0.5944823335506861,-0.36264638779983405,0.4243027888446215,0.5139442231075697,2015-02-02,2023-02-02,2023-02-03,2024-02-02
next_5d_realized_volatility,linear,vrp_only,249,2024-02-05,2025-01-31,0.003842386868739263,0.061986989511826296,0.05114602875920786,-0.3325586771666593,-0.02498108369191887,0.23685658764088613,0.5863453815261044,2015-02-02,2024-02-02,2024-02-03,2025-02-02
next_5d_realized_volatility,linear,vrp_only,251,2025-02-03,2026-02-02,0.01606718465112912,0.12675639885674064,0.0754792901106147,0.13703383466681873,0.2300003696824766,0.2632805919180421,0.46613545816733065,2015-02-02,2025-02-02,2025-02-03,2026-02-02
next_5d_realized_volatility,linear,vrp_only,89,2026-02-03,2026-06-10,0.003348245554262226,0.05786402642628861,0.0453078637271743,-0.10609968286558669,0.22893002653645078,0.13541028260129384,0.5730337078651685,2015-02-02,2026-02-02,2026-02-03,2026-06-10
next_5d_realized_volatility,ridge,vrp_only,253,2020-02-03,2021-02-02,0.14572687744951848,0.38174189899658445,0.24123007651036904,-1.4992174714664142,-2.2634810007714794,0.32341485970380185,0.6877470355731226,2015-02-02,2020-02-02,2020-02-03,2021-02-02
next_5d_realized_volatility,ridge,vrp_only,253,2021-02-03,2022-02-02,0.005023657959850629,0.07087776774031918,0.0511966666931339,-0.239329914704403,-0.07198730202771864,0.3255400881213959,0.6403162055335968,2015-02-02,2021-02-02,2021-02-03,2022-02-02
next_5d_realized_volatility,ridge,vrp_only,251,2022-02-03,2023-02-02,0.017600948489995615,0.1326685663222288,0.1081915018627615,-1.4197167291849495,-1.0828475879779247,0.1178296338455701,0.5856573705179283,2015-02-02,2022-02-02,2022-02-03,2023-02-02
next_5d_realized_volatility,ridge,vrp_only,251,2023-02-03,2024-02-02,0.0030782575523599703,0.05548204711760346,0.04766285632476881,-0.5937803480196651,-0.36204647017891967,0.42423145513185356,0.5139442231075697,2015-02-02,2023-02-02,2023-02-03,2024-02-02
next_5d_realized_volatility,ridge,vrp_only,249,2024-02-05,2025-01-31,0.0038407307610649243,0.06197362956181383,0.05113566101828935,-0.3319843308743282,-0.024539306458979393,0.23684726000777304,0.5863453815261044,2015-02-02,2024-02-02,2024-02-03,2025-02-02
next_5d_realized_volatility,ridge,vrp_only,251,2025-02-03,2026-02-02,0.016067261953531347,0.12675670378142273,0.07547556877727774,0.13702968276596805,0.22999666506200767,0.2631090874596851,0.46613545816733065,2015-02-02,2025-02-02,2025-02-03,2026-02-02
next_5d_realized_volatility,ridge,vrp_only,89,2026-02-03,2026-06-10,0.0033473639623209143,0.05785640813532166,0.04530089827472419,-0.10580844718681126,0.22913304900412124,0.13566564521620703,0.5730337078651685,2015-02-02,2026-02-02,2026-02-03,2026-06-10
next_5d_realized_volatility,random_forest,vrp_only,253,2020-02-03,2021-02-02,0.05427689705541074,0.23297402656822228,0.14250657748923456,0.06915064817156191,-0.21550413637678423,0.2790608924891721,0.5691699604743083,2015-02-02,2020-02-02,2020-02-03,2021-02-02
next_5d_realized_volatility,random_forest,vrp_only,253,2021-02-03,2022-02-02,0.004747036350011713,0.06889873982890915,0.057306618183289984,-0.17108772169147501,-0.01295962626163183,0.3805168056501125,0.5652173913043478,2015-02-02,2021-02-02,2021-02-03,2022-02-02
next_5d_realized_volatility,random_forest,vrp_only,251,2022-02-03,2023-02-02,0.012233918508645494,0.1106070454747142,0.08678512444600626,-0.6818762520486339,-0.44772809668378843,0.29872965281730224,0.6334661354581673,2015-02-02,2022-02-02,2022-02-03,2023-02-02
next_5d_realized_volatility,random_forest,vrp_only,251,2023-02-03,2024-02-02,0.0021836616079196334,0.046729665180906585,0.036782344487765906,-0.13059966498227338,0.03378826022795589,0.38388996395370895,0.6812749003984063,2015-02-02,2023-02-02,2023-02-03,2024-02-02
next_5d_realized_volatility,random_forest,vrp_only,249,2024-02-05,2025-01-31,0.00417188573969405,0.06459013655113333,0.049086475628373816,-0.44683050730943874,-0.11287699874779022,0.26417883097140626,0.642570281124498,2015-02-02,2024-02-02,2024-02-03,2025-02-02
next_5d_realized_volatility,random_forest,vrp_only,251,2025-02-03,2026-02-02,0.01643992038085829,0.12821825291610509,0.0807809426155539,0.11701425249661934,0.21213747830919405,0.4599605084125843,0.5657370517928287,2015-02-02,2025-02-02,2025-02-03,2026-02-02
next_5d_realized_volatility,random_forest,vrp_only,89,2026-02-03,2026-06-10,0.0027865982795926996,0.05278823997437971,0.03900100613376271,0.07944162894276185,0.35827219758003537,0.4256213823629554,0.8089887640449438,2015-02-02,2026-02-02,2026-02-03,2026-06-10
next_5d_realized_volatility,linear,extreme_vrp,253,2020-02-03,2021-02-02,0.05820910212366004,0.2412656256569925,0.13939048875292093,0.0017132901497942665,-0.303563914750985,0.3404366944250546,0.7430830039525692,2015-02-02,2020-02-02,2020-02-03,2021-02-02
next_5d_realized_volatility,linear,extreme_vrp,253,2021-02-03,2022-02-02,0.004889067179646482,0.06992186481814171,0.05550616479132371,-0.2061265434789934,-0.04326727202130898,0.04516036285978087,0.6245059288537549,2015-02-02,2021-02-02,2021-02-03,2022-02-02
next_5d_realized_volatility,linear,extreme_vrp,251,2022-02-03,2023-02-02,0.016212239033041188,0.12732729099859616,0.10237101961484785,-1.2288018187254384,-0.9185115498113594,0.19617150445835704,0.6175298804780877,2015-02-02,2022-02-02,2022-02-03,2023-02-02
next_5d_realized_volatility,linear,extreme_vrp,251,2023-02-03,2024-02-02,0.0022669601247475475,0.04761260468350317,0.037387897521616566,-0.17372781033116835,-0.003069101083353898,0.1496588882564978,0.6613545816733067,2015-02-02,2023-02-02,2023-02-03,2024-02-02
next_5d_realized_volatility,linear,extreme_vrp,249,2024-02-05,2025-01-31,0.00792204873752374,0.08900589158883664,0.06275487202938797,-1.7474054921461342,-1.113256779557843,0.17902681694520015,0.5381526104417671,2015-02-02,2024-02-02,2024-02-03,2025-02-02
next_5d_realized_volatility,linear,extreme_vrp,251,2025-02-03,2026-02-02,0.0138088574977521,0.11751109521126973,0.06464572181274152,0.25832825966619843,0.3382278601230081,0.4079263896793777,0.601593625498008,2015-02-02,2025-02-02,2025-02-03,2026-02-02
next_5d_realized_volatility,linear,extreme_vrp,89,2026-02-03,2026-06-10,0.0022735018179911985,0.0476812522695367,0.0359148106816788,0.24894408157333936,0.4764335655620461,0.6331460674157303,0.8651685393258427,2015-02-02,2026-02-02,2026-02-03,2026-06-10
next_5d_realized_volatility,ridge,extreme_vrp,253,2020-02-03,2021-02-02,0.05821858299159637,0.24128527305162323,0.13939673037878592,0.0015506931655876466,-0.3037762340768535,0.3404366944250546,0.7430830039525692,2015-02-02,2020-02-02,2020-02-03,2021-02-02
next_5d_realized_volatility,ridge,extreme_vrp,253,2021-02-03,2022-02-02,0.0048875369613356244,0.06991092161698073,0.05549915636368669,-0.20574904060283594,-0.04294074210791132,0.0452137158744485,0.6245059288537549,2015-02-02,2021-02-02,2021-02-03,2022-02-02
next_5d_realized_volatility,ridge,extreme_vrp,251,2022-02-03,2023-02-02,0.016212223744109435,0.1273272309606607,0.10236936516964985,-1.2287997168566696,-0.9185097405614409,0.19617150445835704,0.6175298804780877,2015-02-02,2022-02-02,2022-02-03,2023-02-02
next_5d_realized_volatility,ridge,extreme_vrp,251,2023-02-03,2024-02-02,0.0022669276715972025,0.047612263878093454,0.03738698129676808,-0.1737110075807904,-0.0030547414340649226,0.14962929235439196,0.6613545816733067,2015-02-02,2023-02-02,2023-02-03,2024-02-02
next_5d_realized_volatility,ridge,extreme_vrp,249,2024-02-05,2025-01-31,0.007918085548077252,0.08898362516821424,0.06274880147202415,-1.7460310385404503,-1.11219957361984,0.1786739214924213,0.5381526104417671,2015-02-02,2024-02-02,2024-02-03,2025-02-02
next_5d_realized_volatility,ridge,extreme_vrp,251,2025-02-03,2026-02-02,0.01380897287576045,0.11751158613413594,0.06464349111450049,0.2583220627300462,0.33822233077697106,0.4079263896793777,0.601593625498008,2015-02-02,2025-02-02,2025-02-03,2026-02-02
next_5d_realized_volatility,ridge,extreme_vrp,89,2026-02-03,2026-06-10,0.0022732976392035357,0.0476791111410808,0.03591429868462649,0.24901153244831908,0.4764805860478001,0.6331460674157303,0.8651685393258427,2015-02-02,2026-02-02,2026-02-03,2026-06-10
next_5d_realized_volatility,random_forest,extreme_vrp,253,2020-02-03,2021-02-02,0.06101869918565391,0.24701963319876805,0.14472176718018726,-0.046471328830655745,-0.3664834447108347,0.3067378327743892,0.7272727272727273,2015-02-02,2020-02-02,2020-02-03,2021-02-02
next_5d_realized_volatility,random_forest,extreme_vrp,253,2021-02-03,2022-02-02,0.006739277824964232,0.08209310461277629,0.06103357812302171,-0.662571114262432,-0.4380796445412152,0.11274633852766333,0.6245059288537549,2015-02-02,2021-02-02,2021-02-03,2022-02-02
next_5d_realized_volatility,random_forest,extreme_vrp,251,2022-02-03,2023-02-02,0.018618609840412696,0.1364500268978086,0.11000578538531719,-1.5596212460153245,-1.2032748189478562,0.07461050443666313,0.6135458167330677,2015-02-02,2022-02-02,2022-02-03,2023-02-02
next_5d_realized_volatility,random_forest,extreme_vrp,251,2023-02-03,2024-02-02,0.0026416778071197437,0.05139725485976604,0.03929627287981589,-0.3677394120447479,-0.16887163316758014,0.12210983317068261,0.6135458167330677,2015-02-02,2023-02-02,2023-02-03,2024-02-02
next_5d_realized_volatility,random_forest,extreme_vrp,249,2024-02-05,2025-01-31,0.009337845088262667,0.0966325260368509,0.06803091272806513,-2.238410634711874,-1.4909294417444068,0.07502679278553746,0.5582329317269076,2015-02-02,2024-02-02,2024-02-03,2025-02-02
next_5d_realized_volatility,random_forest,extreme_vrp,251,2025-02-03,2026-02-02,0.013540162457263182,0.11636220373155186,0.0652133490247611,0.2727598314548795,0.35110473222829497,0.35912661187914047,0.601593625498008,2015-02-02,2025-02-02,2025-02-03,2026-02-02
next_5d_realized_volatility,random_forest,extreme_vrp,89,2026-02-03,2026-06-10,0.0032309503957470747,0.05684144962742483,0.040763133851391416,-0.06735099029430192,0.25594201633766156,0.35991113306660605,0.7640449438202247,2015-02-02,2026-02-02,2026-02-03,2026-06-10
next_5d_realized_volatility,linear,combined,253,2020-02-03,2021-02-02,0.04644419995901723,0.21550916444322554,0.14440869981452606,0.2034814852458151,-0.04009477740158007,0.2558877274728011,0.5810276679841897,2015-02-02,2020-02-02,2020-02-03,2021-02-02
next_5d_realized_volatility,linear,combined,253,2021-02-03,2022-02-02,0.0035720699621614475,0.05976679648568633,0.04608282883030209,0.11877496499476325,0.23776386211103406,0.45392893082040636,0.7075098814229249,2015-02-02,2021-02-02,2021-02-03,2022-02-02
next_5d_realized_volatility,linear,combined,251,2022-02-03,2023-02-02,0.007417966871130664,0.08612761967644679,0.06682909456057332,-0.01979609478529154,0.12217830681018593,0.42632669322709166,0.6693227091633466,2015-02-02,2022-02-02,2022-02-03,2023-02-02
next_5d_realized_volatility,linear,combined,251,2023-02-03,2024-02-02,0.001900721843758237,0.04359726876489211,0.03357338038239936,0.01589354688300182,0.15898152313535419,0.42876038702333524,0.6733067729083665,2015-02-02,2023-02-02,2023-02-03,2024-02-02
next_5d_realized_volatility,linear,combined,249,2024-02-05,2025-01-31,0.004245449446223974,0.06515711355043265,0.046171640869552034,-0.4723427627927488,-0.13250058435102097,0.373090555771473,0.7269076305220884,2015-02-02,2024-02-02,2024-02-03,2025-02-02
next_5d_realized_volatility,linear,combined,251,2025-02-03,2026-02-02,0.011293409779980933,0.10627045581901365,0.06107941254865538,0.3934325930161321,0.4587775304493985,0.5667463479415671,0.6294820717131474,2015-02-02,2025-02-02,2025-02-03,2026-02-02
next_5d_realized_volatility,linear,combined,89,2026-02-03,2026-06-10,0.003150926999489487,0.056133118561946006,0.04435148629770386,-0.0409150996799863,0.2743706641261292,0.43081375553285667,0.6179775280898876,2015-02-02,2026-02-02,2026-02-03,2026-06-10
next_5d_realized_volatility,ridge,combined,253,2020-02-03,2021-02-02,0.04397561025237582,0.2097036247955095,0.14160652406446655,0.24581782451759804,0.015188062300485528,0.27520670588113244,0.5849802371541502,2015-02-02,2020-02-02,2020-02-03,2021-02-02
next_5d_realized_volatility,ridge,combined,253,2021-02-03,2022-02-02,0.003556949132634741,0.05964016375425826,0.04604484790906856,0.1225052540624828,0.24099046260380275,0.45665586268119646,0.7075098814229249,2015-02-02,2021-02-02,2021-02-03,2022-02-02
next_5d_realized_volatility,ridge,combined,251,2022-02-03,2023-02-02,0.007419541303120389,0.08613675930240462,0.06683384387054697,-0.020012542178832193,0.12199199288090534,0.4250502750901157,0.6693227091633466,2015-02-02,2022-02-02,2022-02-03,2023-02-02
next_5d_realized_volatility,ridge,combined,251,2023-02-03,2024-02-02,0.0018971598700989662,0.04355639872738524,0.033551585985285924,0.017737773209664187,0.1605576010193378,0.42867691140201103,0.6733067729083665,2015-02-02,2023-02-02,2023-02-03,2024-02-02
next_5d_realized_volatility,ridge,combined,249,2024-02-05,2025-01-31,0.004251935214307755,0.06520686477900739,0.04620572211177227,-0.47459205908522994,-0.1342307041505586,0.3731092110376992,0.7269076305220884,2015-02-02,2024-02-02,2024-02-03,2025-02-02
next_5d_realized_volatility,ridge,combined,251,2025-02-03,2026-02-02,0.011277120005472695,0.10619378515465344,0.06103125049796346,0.3943075144505185,0.4595581974188553,0.5662986150635553,0.6334661354581673,2015-02-02,2025-02-02,2025-02-03,2026-02-02
next_5d_realized_volatility,ridge,combined,89,2026-02-03,2026-06-10,0.0031495435917749588,0.056120794646681176,0.04437311819471211,-0.040458088146777316,0.27468925012361456,0.4320054477357848,0.6179775280898876,2015-02-02,2026-02-02,2026-02-03,2026-06-10
next_5d_realized_volatility,random_forest,combined,253,2020-02-03,2021-02-02,0.05098464844598154,0.22579780434269403,0.1411010089512868,0.12561274623543328,-0.141775864868253,0.1659567428440327,0.5968379446640316,2015-02-02,2020-02-02,2020-02-03,2021-02-02
next_5d_realized_volatility,random_forest,combined,253,2021-02-03,2022-02-02,0.004022891508940866,0.06342626828799615,0.04998763073377349,0.00755787307044431,0.1415640456644539,0.49752075118111844,0.6679841897233202,2015-02-02,2021-02-02,2021-02-03,2022-02-02
next_5d_realized_volatility,random_forest,combined,251,2022-02-03,2023-02-02,0.010220580136467552,0.1010968848999194,0.07726679405708471,-0.4050895468640787,-0.2094751994232913,0.4372513754505786,0.6454183266932271,2015-02-02,2022-02-02,2022-02-03,2023-02-02
next_5d_realized_volatility,random_forest,combined,251,2023-02-03,2024-02-02,0.0019099084367153456,0.043702499204454494,0.033928513271015315,0.011137151074252727,0.1549167019508476,0.4609736292923544,0.6812749003984063,2015-02-02,2023-02-02,2023-02-03,2024-02-02
next_5d_realized_volatility,random_forest,combined,249,2024-02-05,2025-01-31,0.004088606190287705,0.0639422097701331,0.04885253751311764,-0.4179487496980905,-0.09066165039378693,0.34206917994558883,0.6184738955823293,2015-02-02,2024-02-02,2024-02-03,2025-02-02
next_5d_realized_volatility,random_forest,combined,251,2025-02-03,2026-02-02,0.01540122208546269,0.12410166028487568,0.07007104726281468,0.17280258781351376,0.2619157886250494,0.5547422794047301,0.5737051792828686,2015-02-02,2025-02-02,2025-02-03,2026-02-02
next_5d_realized_volatility,random_forest,combined,89,2026-02-03,2026-06-10,0.002712880525748293,0.05208531967597293,0.03972905572217292,0.10379443784743259,0.3752487142600146,0.43333333333333335,0.7415730337078652,2015-02-02,2026-02-02,2026-02-03,2026-06-10
next_21d_realized_volatility,vix_direct_forecast,benchmark,2840,2015-02-02,2026-05-18,0.007715116584719488,0.08783573637603027,0.0626175643170152,0.19883545840460148,0.22168808147953478,0.6435603022323669,0.5929577464788732,,,,
next_21d_realized_volatility,rv21_direct_forecast,benchmark,2840,2015-02-02,2026-05-18,0.009912628087959344,0.09956218201686494,0.05809352020867637,-0.029361779681307043,0.0,0.513217069219743,0.5242957746478873,,,,
next_21d_realized_volatility,avg_vix_rv21_forecast,benchmark,2840,2015-02-02,2026-05-18,0.007657612118987868,0.08750778319091318,0.0543414316219502,0.20480692214356933,0.22748921365370267,0.6059191854264436,0.5929577464788732,,,,
next_21d_realized_volatility,linear,rv_only,253,2019-04-04,2020-04-03,0.042218101862385914,0.20547044036159048,0.10273278948574789,0.1778852006854036,0.11299530742537922,0.3643321758693207,0.7430830039525692,2014-04-03,2019-04-03,2019-04-04,2020-04-03
next_21d_realized_volatility,linear,rv_only,250,2020-04-06,2021-04-01,0.007647972790229843,0.08745268886792357,0.06512121544061868,-1.1509202053644851,0.5420040208987407,-0.0453707099313589,0.648,2014-04-03,2020-04-03,2020-04-04,2021-04-03
next_21d_realized_volatility,linear,rv_only,253,2021-04-05,2022-04-01,0.0022572743352731847,0.047510781253029134,0.0389577543416401,0.22755603915452216,0.19632200641927722,0.42360441110869046,0.7075098814229249,2014-04-03,2021-04-03,2021-04-04,2022-04-03
next_21d_realized_volatility,linear,rv_only,251,2022-04-04,2023-04-03,0.004744041520639975,0.0688770028430388,0.05296136217347439,-0.3018649281321295,-0.2378413438529936,0.3411041548093341,0.6175298804780877,2014-04-03,2022-04-03,2022-04-04,2023-04-03
next_21d_realized_volatility,linear,rv_only,251,2023-04-04,2024-04-03,0.000881432531439934,0.02968892944246953,0.024047685588069995,-1.4598467093487701,-0.11191886610532542,0.004108518307721495,0.6693227091633466,2014-04-03,2023-04-03,2023-04-04,2024-04-03
next_21d_realized_volatility,linear,rv_only,251,2024-04-04,2025-04-03,0.009989068685664439,0.09994532848344859,0.05975913085763935,0.12415651310175779,0.025921011390623527,0.2779867197875166,0.649402390438247,2014-04-03,2024-04-03,2024-04-04,2025-04-03
next_21d_realized_volatility,linear,rv_only,250,2025-04-04,2026-04-02,0.003616045709360189,0.06013356557996698,0.04326492398892019,-0.5248098281452382,0.6566803682392981,0.24112859405750492,0.62,2014-04-03,2025-04-03,2025-04-04,2026-04-03
next_21d_realized_volatility,linear,rv_only,31,2026-04-06,2026-05-18,0.0015044548111852521,0.0387873021900886,0.03509418442534489,-2.4171526724620676,0.6435292507635852,-0.050806451612903224,0.8709677419354839,2014-04-03,2026-04-03,2026-04-04,2026-05-18
next_21d_realized_volatility,ridge,rv_only,253,2019-04-04,2020-04-03,0.04222092320438815,0.205477305813533,0.10273559263202194,0.17783026057886986,0.11293603087136683,0.3643321758693207,0.7430830039525692,2014-04-03,2019-04-03,2019-04-04,2020-04-03
next_21d_realized_volatility,ridge,rv_only,250,2020-04-06,2021-04-01,0.007632800483348438,0.08736590000308152,0.06507352577042377,-1.1466531371716049,0.5429126087998706,-0.04480929294868718,0.648,2014-04-03,2020-04-03,2020-04-04,2021-04-03
next_21d_realized_volatility,ridge,rv_only,253,2021-04-05,2022-04-01,0.0022569565886666914,0.047507437193208935,0.03895531748909706,0.22766477270251384,0.19643513664504686,0.42376150609632296,0.7075098814229249,2014-04-03,2021-04-03,2021-04-04,2022-04-03
next_21d_realized_volatility,ridge,rv_only,251,2022-04-04,2023-04-03,0.004743573044464265,0.06887360194199418,0.05295780912675995,-0.3017363684009027,-0.23771910647872518,0.3410578637829634,0.6175298804780877,2014-04-03,2022-04-03,2022-04-04,2023-04-03
next_21d_realized_volatility,ridge,rv_only,251,2023-04-04,2024-04-03,0.0008813281864276282,0.02968717208539116,0.024046712088912143,-1.4595555098229962,-0.11178723585158701,0.004108518307721495,0.6693227091633466,2014-04-03,2023-04-03,2023-04-04,2024-04-03
next_21d_realized_volatility,ridge,rv_only,251,2024-04-04,2025-04-03,0.00998919990335457,0.09994598492863319,0.05975953409436163,0.1241450079091434,0.02590821576383262,0.2780216277746158,0.649402390438247,2014-04-03,2024-04-03,2024-04-04,2025-04-03
next_21d_realized_volatility,ridge,rv_only,250,2025-04-04,2026-04-02,0.0036154716609141124,0.06012879227885849,0.043264736570437154,-0.5245677640833424,0.6567348703437956,0.24112859405750492,0.62,2014-04-03,2025-04-03,2025-04-04,2026-04-03
next_21d_realized_volatility,ridge,rv_only,31,2026-04-06,2026-05-18,0.00150453386596556,0.038788321257377974,0.035095606823313634,-2.417332234022702,0.6435105192493134,-0.050806451612903224,0.8709677419354839,2014-04-03,2026-04-03,2026-04-04,2026-05-18
next_21d_realized_volatility,random_forest,rv_only,253,2019-04-04,2020-04-03,0.05663393794051376,0.23797886028072696,0.13233419813448977,-0.1028349563447073,-0.18988221867387867,0.2102323981286144,0.6600790513833992,2014-04-03,2019-04-03,2019-04-04,2020-04-03
next_21d_realized_volatility,random_forest,rv_only,250,2020-04-06,2021-04-01,0.00579610353237706,0.0761321451975252,0.058747712074582424,-0.6300994449274993,0.6529025161184547,0.2322903238433524,0.704,2014-04-03,2020-04-03,2020-04-04,2021-04-03
next_21d_realized_volatility,random_forest,rv_only,253,2021-04-05,2022-04-01,0.0022246373639422945,0.047166061569122925,0.03720021972951868,0.23872447845801603,0.20794204534227634,0.4056520881326227,0.7193675889328063,2014-04-03,2021-04-03,2021-04-04,2022-04-03
next_21d_realized_volatility,random_forest,rv_only,251,2022-04-04,2023-04-03,0.010923823353146999,0.10451709598504447,0.09034953576445012,-1.997727242204728,-1.8503039277042572,-0.075528542140778,0.5936254980079682,2014-04-03,2022-04-03,2022-04-04,2023-04-03
next_21d_realized_volatility,random_forest,rv_only,251,2023-04-04,2024-04-03,0.0006823859548820285,0.026122518157368147,0.01989911819144502,-0.9043599887109037,0.13917652215638576,0.1309641434262948,0.6892430278884463,2014-04-03,2023-04-03,2023-04-04,2024-04-03
next_21d_realized_volatility,random_forest,rv_only,251,2024-04-04,2025-04-03,0.009329019412435115,0.0965868490656731,0.06100180837829613,0.18202976186812847,0.09028538295834265,0.22344729090154877,0.6812749003984063,2014-04-03,2024-04-03,2024-04-04,2025-04-03
next_21d_realized_volatility,random_forest,rv_only,250,2025-04-04,2026-04-02,0.005678235921417414,0.07535407037060052,0.04586834848583422,-1.3943917293668737,0.460889042263698,0.160027986565051,0.616,2014-04-03,2025-04-03,2025-04-04,2026-04-03
next_21d_realized_volatility,random_forest,rv_only,31,2026-04-06,2026-05-18,0.001674900673532207,0.04092555037543426,0.036253820868906425,-2.8042959284101383,0.6031432160330384,-0.2351043463908874,0.8387096774193549,2014-04-03,2026-04-03,2026-04-04,2026-05-18
next_21d_realized_volatility,linear,vix_only,253,2020-01-02,2020-12-31,0.045361307492205814,0.21298194170446896,0.11764802149825307,-0.043477825699776096,0.24420926783685426,0.44367403679283174,0.6996047430830039,2014-12-31,2019-12-31,2020-01-01,2020-12-31
next_21d_realized_volatility,linear,vix_only,252,2021-01-04,2021-12-31,0.0020258960231061473,0.045009954711220795,0.034677118783444434,-0.5788978575161088,0.2447096239898232,0.4020874904297735,0.7738095238095238,2014-12-31,2020-12-31,2021-01-01,2021-12-31
next_21d_realized_volatility,linear,vix_only,251,2022-01-03,2022-12-30,0.004499450476096473,0.06707794329059645,0.05542278036524687,-0.9602039081818743,-0.05140480440006212,0.42257484348321,0.6733067729083665,2014-12-31,2021-12-31,2022-01-01,2022-12-31
next_21d_realized_volatility,linear,vix_only,250,2023-01-03,2023-12-29,0.0007006883802299311,0.026470519077455415,0.019900054105660762,0.10271517226924987,0.23738955522224237,0.6666020256324101,0.712,2014-12-31,2022-12-31,2023-01-01,2023-12-31
next_21d_realized_volatility,linear,vix_only,252,2024-01-02,2024-12-31,0.0022409988356297547,0.04733918921601588,0.03691121913978198,-0.8066058105131024,0.1497866715089472,0.2796365825986474,0.6547619047619048,2014-12-31,2023-12-31,2024-01-01,2024-12-31
next_21d_realized_volatility,linear,vix_only,250,2025-01-02,2025-12-31,0.009762181505258186,0.09880375248571376,0.05766581829011725,0.22830359960209246,0.4543804601368294,0.5608213891422262,0.624,2014-12-31,2024-12-31,2025-01-01,2025-12-31
next_21d_realized_volatility,linear,vix_only,94,2026-01-02,2026-05-18,0.0018559565240164114,0.04308081387365391,0.03407423678207363,-1.088111439082101,0.27803319797140214,0.46671964743705524,0.776595744680851,2014-12-31,2025-12-31,2026-01-01,2026-05-18
next_21d_realized_volatility,ridge,vix_only,253,2020-01-02,2020-12-31,0.04466726437244281,0.2113463138368938,0.11648471188726123,-0.027512267262629564,0.25577311788082846,0.4436229068204419,0.6996047430830039,2014-12-31,2019-12-31,2020-01-01,2020-12-31
next_21d_realized_volatility,ridge,vix_only,252,2021-01-04,2021-12-31,0.002024357380069048,0.04499285921197994,0.03466630099982017,-0.5776987040713861,0.24528325771276926,0.4021399813882059,0.7738095238095238,2014-12-31,2020-12-31,2021-01-01,2021-12-31
next_21d_realized_volatility,ridge,vix_only,251,2022-01-03,2022-12-30,0.004499176985035816,0.06707590465313021,0.0554201630062098,-0.960084760688463,-0.05134089663695551,0.4224670840447733,0.6733067729083665,2014-12-31,2021-12-31,2022-01-01,2022-12-31
next_21d_realized_volatility,ridge,vix_only,250,2023-01-03,2023-12-29,0.000700782304009604,0.026472293138479788,0.01990416444946901,0.10259489571715985,0.23728733109891942,0.6666596265540249,0.712,2014-12-31,2022-12-31,2023-01-01,2023-12-31
next_21d_realized_volatility,ridge,vix_only,252,2024-01-02,2024-12-31,0.0022405814347261147,0.04733478039165403,0.036910932808269764,-0.8062693181928744,0.14994502938310428,0.27965457949868133,0.6507936507936508,2014-12-31,2023-12-31,2024-01-01,2024-12-31
next_21d_realized_volatility,ridge,vix_only,250,2025-01-02,2025-12-31,0.009761894926617097,0.09880230223338471,0.05766283281844574,0.22832625352484925,0.45439647734632316,0.560882830125282,0.624,2014-12-31,2024-12-31,2025-01-01,2025-12-31
next_21d_realized_volatility,ridge,vix_only,94,2026-01-02,2026-05-18,0.0018551871925581824,0.04307188401449584,0.03406726623574314,-1.087245874723461,0.2783324677901776,0.46671964743705524,0.776595744680851,2014-12-31,2025-12-31,2026-01-01,2026-05-18
next_21d_realized_volatility,random_forest,vix_only,253,2020-01-02,2020-12-31,0.051692608204041514,0.2273600848962753,0.13078369758397537,-0.18912115623589276,0.1387198393990705,0.5250071137721066,0.7509881422924901,2014-12-31,2019-12-31,2020-01-01,2020-12-31
next_21d_realized_volatility,random_forest,vix_only,252,2021-01-04,2021-12-31,0.0019197707120844813,0.04381518814389003,0.03276950521819881,-0.4961882691220161,0.28427504351360255,0.3764847210976828,0.8095238095238095,2014-12-31,2020-12-31,2021-01-01,2021-12-31
next_21d_realized_volatility,random_forest,vix_only,251,2022-01-03,2022-12-30,0.008434967124173801,0.09184207708982742,0.07511040821578957,-2.674727749539652,-0.9710329086690801,0.385145965688864,0.5418326693227091,2014-12-31,2021-12-31,2022-01-01,2022-12-31
next_21d_realized_volatility,random_forest,vix_only,250,2023-01-03,2023-12-29,0.0009058917042499566,0.030098034890171096,0.023783616752565344,-0.16006331020346498,0.01405175968261363,0.5480839053424855,0.696,2014-12-31,2022-12-31,2023-01-01,2023-12-31
next_21d_realized_volatility,random_forest,vix_only,252,2024-01-02,2024-12-31,0.0033478375003110953,0.05786050034618691,0.04009772268028631,-1.6988959496786364,-0.2701372348490254,0.2696063103130486,0.6349206349206349,2014-12-31,2023-12-31,2024-01-01,2024-12-31
next_21d_realized_volatility,random_forest,vix_only,250,2025-01-02,2025-12-31,0.010142132521947044,0.10070815519086349,0.05990754663951376,0.19826862926801414,0.43314456129755297,0.5042872365957856,0.652,2014-12-31,2024-12-31,2025-01-01,2025-12-31
next_21d_realized_volatility,random_forest,vix_only,94,2026-01-02,2026-05-18,0.0015749069402224071,0.03968509720565652,0.029995629133139804,-0.7719063753990818,0.3873614427861667,0.4381533793302749,0.7978723404255319,2014-12-31,2025-12-31,2026-01-01,2026-05-18
next_21d_realized_volatility,linear,vrp_only,253,2020-02-03,2021-02-02,0.09478390552006746,0.3078699490370365,0.20607961417254933,-1.1892263234721026,-0.5946025101177563,0.19779370464067486,0.5375494071146245,2015-02-02,2020-02-02,2020-02-03,2021-02-02
next_21d_realized_volatility,linear,vrp_only,253,2021-02-03,2022-02-02,0.0027552736507329774,0.05249070061194628,0.04173209590978696,-0.4738979911771015,0.019394645688346812,0.1569341875743793,0.5810276679841897,2015-02-02,2021-02-02,2021-02-03,2022-02-02
next_21d_realized_volatility,linear,vrp_only,251,2022-02-03,2023-02-02,0.011486886761591776,0.10717689471892614,0.09028879303436148,-3.21836284684246,-1.9116840690431043,-0.005580724720166951,0.5936254980079682,2015-02-02,2022-02-02,2022-02-03,2023-02-02
next_21d_realized_volatility,linear,vrp_only,251,2023-02-03,2024-02-02,0.0022177673239220717,0.047093177042137134,0.0424778195290821,-2.4533403106662575,-1.3400775117924235,0.5758763043065832,0.6334661354581673,2015-02-02,2023-02-02,2023-02-03,2024-02-02
next_21d_realized_volatility,linear,vrp_only,249,2024-02-05,2025-01-31,0.002326844221948152,0.04823737370492046,0.04096029380314723,-0.8482299512248406,0.14940316679511023,0.14315740380878353,0.5823293172690763,2015-02-02,2024-02-02,2024-02-03,2025-02-02
next_21d_realized_volatility,linear,vrp_only,251,2025-02-03,2026-02-02,0.012207763741675454,0.11048874938958923,0.0665537862617518,0.029092078179709047,0.31366381139297983,0.27189755264655663,0.6254980079681275,2015-02-02,2025-02-02,2025-02-03,2026-02-02
next_21d_realized_volatility,linear,vrp_only,73,2026-02-03,2026-05-18,0.0016857190690855112,0.0410575092898426,0.03692296867635179,-0.5508758809824317,0.4367307167221596,-0.07370726891274837,0.7671232876712328,2015-02-02,2026-02-02,2026-02-03,2026-05-18
next_21d_realized_volatility,ridge,vrp_only,253,2020-02-03,2021-02-02,0.09425553325752493,0.30701064030017744,0.20546359878284087,-1.1770224956238637,-0.5857134088351708,0.1972579514517207,0.5375494071146245,2015-02-02,2020-02-02,2020-02-03,2021-02-02
next_21d_realized_volatility,ridge,vrp_only,253,2021-02-03,2022-02-02,0.0027513526523338565,0.052453337856935824,0.041706970047468074,-0.47180050381415484,0.0207901339453489,0.15686527326376692,0.5849802371541502,2015-02-02,2021-02-02,2021-02-03,2022-02-02
next_21d_realized_volatility,ridge,vrp_only,251,2022-02-03,2023-02-02,0.011485236276658171,0.1071691946254061,0.09028708438043398,-3.217756734458166,-1.9112657058445186,-0.0054934547524188955,0.5936254980079682,2015-02-02,2022-02-02,2022-02-03,2023-02-02
next_21d_realized_volatility,ridge,vrp_only,251,2023-02-03,2024-02-02,0.0022167463624875464,0.04708233599225453,0.042468821859005274,-2.4517505463842015,-1.3390002441874906,0.5757685448681464,0.6334661354581673,2015-02-02,2023-02-02,2023-02-03,2024-02-02
next_21d_realized_volatility,ridge,vrp_only,249,2024-02-05,2025-01-31,0.002326059709352313,0.048229241227208966,0.04095486394414414,-0.8476068069408076,0.14968995175618993,0.14314652157015156,0.5823293172690763,2015-02-02,2024-02-02,2024-02-03,2025-02-02
next_21d_realized_volatility,ridge,vrp_only,251,2025-02-03,2026-02-02,0.012207077672898118,0.1104856446462531,0.06654974562045443,0.02914664260485056,0.3137023830625929,0.2718960349079871,0.6254980079681275,2015-02-02,2025-02-02,2025-02-03,2026-02-02
next_21d_realized_volatility,ridge,vrp_only,73,2026-02-03,2026-05-18,0.0016852274542954301,0.04105152194858834,0.036918402989647214,-0.5504235911942617,0.43689498579613273,-0.07361471060101198,0.7671232876712328,2015-02-02,2026-02-02,2026-02-03,2026-05-18
next_21d_realized_volatility,random_forest,vrp_only,253,2020-02-03,2021-02-02,0.0529268046757663,0.23005826365459314,0.13459962884199447,-0.2224517799482575,0.10958284399221419,0.07525916967072324,0.7509881422924901,2015-02-02,2020-02-02,2020-02-03,2021-02-02
next_21d_realized_volatility,random_forest,vrp_only,253,2021-02-03,2022-02-02,0.016435903201196343,0.12820258656203604,0.10371916695020862,-7.792173766471478,-4.849558601104316,-0.21534655574671088,0.5810276679841897,2015-02-02,2021-02-02,2021-02-03,2022-02-02
next_21d_realized_volatility,random_forest,vrp_only,251,2022-02-03,2023-02-02,0.0091319554526277,0.09556126544069883,0.08363838452956064,-2.35355457052029,-1.3147585383650817,0.46475811041548093,0.6175298804780877,2015-02-02,2022-02-02,2022-02-03,2023-02-02
next_21d_realized_volatility,random_forest,vrp_only,251,2023-02-03,2024-02-02,0.001157617895672876,0.0340237842644359,0.026038092108102116,-0.8025554350787516,-0.22146068962812038,0.41068487952950106,0.6215139442231076,2015-02-02,2023-02-02,2023-02-03,2024-02-02
next_21d_realized_volatility,random_forest,vrp_only,249,2024-02-05,2025-01-31,0.0034492152106837177,0.05873001967208693,0.04661504485056607,-1.7397377101886606,-0.260888678139916,0.20067240588270993,0.5943775100401606,2015-02-02,2024-02-02,2024-02-03,2025-02-02
next_21d_realized_volatility,random_forest,vrp_only,251,2025-02-03,2026-02-02,0.011056915309001897,0.10515186783410886,0.06751810076661771,0.12062136099853493,0.37836599138758753,0.37254562701574656,0.6095617529880478,2015-02-02,2025-02-02,2025-02-03,2026-02-02
next_21d_realized_volatility,random_forest,vrp_only,73,2026-02-03,2026-05-18,0.0019842219800141406,0.04454460663216301,0.034731331683724144,-0.8255010978718627,0.3369884027277338,0.07383067999506356,0.7945205479452054,2015-02-02,2026-02-02,2026-02-03,2026-05-18
next_21d_realized_volatility,linear,extreme_vrp,253,2020-02-03,2021-02-02,0.0550337432692854,0.23459271785220742,0.13901133785493866,-0.27111579527409524,0.07413664084775495,0.4429567351511891,0.7035573122529645,2015-02-02,2020-02-02,2020-02-03,2021-02-02
next_21d_realized_volatility,linear,extreme_vrp,253,2021-02-03,2022-02-02,0.002253474878415849,0.0474707792059057,0.03908648097222524,-0.20546723029910385,0.19798545926880085,-0.036432698877067245,0.7075098814229249,2015-02-02,2021-02-02,2021-02-03,2022-02-02
next_21d_realized_volatility,linear,extreme_vrp,251,2022-02-03,2023-02-02,0.010920539643698877,0.10450138584582923,0.09172286947970945,-3.010381546937607,-1.768126992618272,0.2926199962056536,0.5976095617529881,2015-02-02,2022-02-02,2022-02-03,2023-02-02
next_21d_realized_volatility,linear,extreme_vrp,251,2023-02-03,2024-02-02,0.00129975105892611,0.03605206039779294,0.02969731190292954,-1.023874496303295,-0.37143251734024196,0.20129766647694936,0.6733067729083665,2015-02-02,2023-02-02,2023-02-03,2024-02-02
next_21d_realized_volatility,linear,extreme_vrp,249,2024-02-05,2025-01-31,0.004289650471513022,0.06549542328676884,0.04971516893208518,-2.407301789673821,-0.568116624313556,0.1563917605907501,0.6224899598393574,2015-02-02,2024-02-02,2024-02-03,2025-02-02
next_21d_realized_volatility,linear,extreme_vrp,251,2025-02-03,2026-02-02,0.011463252323615445,0.10706657892925993,0.06038463520121296,0.08830456369107353,0.35552120148165656,0.4224754316069057,0.6334661354581673,2015-02-02,2025-02-02,2025-02-03,2026-02-02
next_21d_realized_volatility,linear,extreme_vrp,73,2026-02-03,2026-05-18,0.0004159964074754988,0.020395989985178428,0.016962820341800834,0.6172797669785606,0.8609981920581842,0.8096692582993953,0.8904109589041096,2015-02-02,2026-02-02,2026-02-03,2026-05-18
next_21d_realized_volatility,ridge,extreme_vrp,253,2020-02-03,2021-02-02,0.055039607900331154,0.2346052171208713,0.13901896406352326,-0.27125125080942425,0.07403797688856106,0.4430560310395983,0.7035573122529645,2015-02-02,2020-02-02,2020-02-03,2021-02-02
next_21d_realized_volatility,ridge,extreme_vrp,253,2021-02-03,2022-02-02,0.002252635649028537,0.0474619389514223,0.03908120220363239,-0.20501829539647942,0.19828414206224132,-0.036148149465506534,0.7075098814229249,2015-02-02,2021-02-02,2021-02-03,2022-02-02
next_21d_realized_volatility,ridge,extreme_vrp,251,2022-02-03,2023-02-02,0.01092007264930352,0.10449915142862894,0.09171860303044252,-3.0102100512270686,-1.7680086193662747,0.2927300322519446,0.5976095617529881,2015-02-02,2022-02-02,2022-02-03,2023-02-02
next_21d_realized_volatility,ridge,extreme_vrp,251,2023-02-03,2024-02-02,0.0012998246025705286,0.03605308034787775,0.029698715961690176,-1.0239890129295999,-0.37151011692726055,0.20083247960538797,0.6733067729083665,2015-02-02,2023-02-02,2023-02-03,2024-02-02
next_21d_realized_volatility,ridge,extreme_vrp,249,2024-02-05,2025-01-31,0.004287621187308552,0.06547992965259318,0.049710435274081796,-2.405689913893366,-0.5673748029652623,0.15629926156237856,0.6224899598393574,2015-02-02,2024-02-02,2024-02-03,2025-02-02
next_21d_realized_volatility,ridge,extreme_vrp,251,2025-02-03,2026-02-02,0.011462361903612378,0.10706242059477442,0.060381635866643725,0.0883753805788361,0.35557126204017453,0.4224754316069057,0.6334661354581673,2015-02-02,2025-02-02,2025-02-03,2026-02-02
next_21d_realized_volatility,ridge,extreme_vrp,73,2026-02-03,2026-05-18,0.00041605629699990393,0.02039745810143764,0.016963503178241048,0.6172246681067338,0.8609781804618832,0.8096692582993953,0.8904109589041096,2015-02-02,2026-02-02,2026-02-03,2026-05-18
next_21d_realized_volatility,random_forest,extreme_vrp,253,2020-02-03,2021-02-02,0.05693724794489969,0.23861527181825493,0.14508392330192899,-0.31508109212319724,0.04211291997340472,0.33168789470916876,0.6363636363636364,2015-02-02,2020-02-02,2020-02-03,2021-02-02
next_21d_realized_volatility,random_forest,extreme_vrp,253,2021-02-03,2022-02-02,0.003925614610479909,0.06265472536433232,0.047392086347506475,-1.0999567454879111,-0.3971311724251376,0.049336612833033124,0.6996047430830039,2015-02-02,2021-02-02,2021-02-03,2022-02-02
next_21d_realized_volatility,random_forest,extreme_vrp,251,2022-02-03,2023-02-02,0.012920108640552888,0.11366665579910798,0.09973651177821696,-3.7446890874481005,-2.2749756552654463,0.11983297897460106,0.601593625498008,2015-02-02,2022-02-02,2022-02-03,2023-02-02
next_21d_realized_volatility,random_forest,extreme_vrp,251,2023-02-03,2024-02-02,0.0015189340370587976,0.03897350429533887,0.031186319056954143,-1.3651697285095787,-0.602703468338353,0.14944098598940936,0.6772908366533864,2015-02-02,2023-02-02,2023-02-03,2024-02-02
next_21d_realized_volatility,random_forest,extreme_vrp,249,2024-02-05,2025-01-31,0.005524939251529039,0.07432993509703234,0.05432814771505204,-3.3885010036573293,-1.0196864863885637,0.14250677180196902,0.6265060240963856,2015-02-02,2024-02-02,2024-02-03,2025-02-02
next_21d_realized_volatility,random_forest,extreme_vrp,251,2025-02-03,2026-02-02,0.01237279975791055,0.1112330875140601,0.06370887080394173,0.015966432980555778,0.3043852741635119,0.21713703114803934,0.6374501992031872,2015-02-02,2025-02-02,2025-02-03,2026-02-02
next_21d_realized_volatility,random_forest,extreme_vrp,73,2026-02-03,2026-05-18,0.0010284105193998153,0.03206884031891105,0.026721111730401474,0.05385357528699675,0.6563650095671185,0.43034108269162724,0.7808219178082192,2015-02-02,2026-02-02,2026-02-03,2026-05-18
next_21d_realized_volatility,linear,combined,253,2020-02-03,2021-02-02,0.09579646127286116,0.3095100342038383,0.20615702963545385,-1.2126133499491845,-0.6116373003195292,-0.21691927837083605,0.7312252964426877,2015-02-02,2020-02-02,2020-02-03,2021-02-02
next_21d_realized_volatility,linear,combined,253,2021-02-03,2022-02-02,0.002329866957126741,0.04826869541562876,0.0393680290065451,-0.24633218442947635,0.170797422468547,0.2931422109785684,0.691699604743083,2015-02-02,2021-02-02,2021-02-03,2022-02-02
next_21d_realized_volatility,linear,combined,251,2022-02-03,2023-02-02,0.005040413688655072,0.0709958709268016,0.05767088724875342,-0.85100578409396,-0.27763880181317724,0.5094213621703662,0.6454183266932271,2015-02-02,2022-02-02,2022-02-03,2023-02-02
next_21d_realized_volatility,linear,combined,251,2023-02-03,2024-02-02,0.0007329395544695392,0.02707285641504308,0.01993926902562072,-0.14127829435923478,0.2266387233606868,0.635591728324796,0.7171314741035857,2015-02-02,2023-02-02,2023-02-03,2024-02-02
next_21d_realized_volatility,linear,combined,249,2024-02-05,2025-01-31,0.0026147700649255512,0.0511348224297841,0.038474185714240425,-1.076931624376361,0.04414953274247302,0.2907617567042363,0.6385542168674698,2015-02-02,2024-02-02,2024-02-03,2025-02-02
next_21d_realized_volatility,linear,combined,251,2025-02-03,2026-02-02,0.010566014162489751,0.10279111908375038,0.06024202573823359,0.15966371323149953,0.405965085620527,0.5968985012331626,0.6533864541832669,2015-02-02,2025-02-02,2025-02-03,2026-02-02
next_21d_realized_volatility,linear,combined,73,2026-02-03,2026-05-18,0.0023399139896110744,0.048372657458641596,0.0393235031279455,-1.1527407719424145,0.21813681767565973,0.40019128717758856,0.7123287671232876,2015-02-02,2026-02-02,2026-02-03,2026-05-18
next_21d_realized_volatility,ridge,combined,253,2020-02-03,2021-02-02,0.08923829391644675,0.29872779234019514,0.1992698157069926,-1.061139188469753,-0.5013055929380827,-0.21275033308583463,0.7272727272727273,2015-02-02,2020-02-02,2020-02-03,2021-02-02
next_21d_realized_volatility,ridge,combined,253,2021-02-03,2022-02-02,0.002307592168473826,0.04803740384818715,0.039232733062143116,-0.23441657443527752,0.17872504773850828,0.29520889928284655,0.6837944664031621,2015-02-02,2021-02-02,2021-02-03,2022-02-02
next_21d_realized_volatility,ridge,combined,251,2022-02-03,2023-02-02,0.005024935143280578,0.07088677692828599,0.057577294948388084,-0.8453215528408713,-0.2737153162844812,0.5106932270916335,0.6454183266932271,2015-02-02,2022-02-02,2022-02-03,2023-02-02
next_21d_realized_volatility,ridge,combined,251,2023-02-03,2024-02-02,0.0007289832859853253,0.0269996904794356,0.01987874076824102,-0.1351178909260231,0.23081318062257372,0.6345346234111174,0.7131474103585658,2015-02-02,2023-02-02,2023-02-03,2024-02-02
next_21d_realized_volatility,ridge,combined,249,2024-02-05,2025-01-31,0.0026136295206736805,0.05112366888901539,0.038492023432694075,-1.0760256814571396,0.044566467971578705,0.290139137193937,0.6385542168674698,2015-02-02,2024-02-02,2024-02-03,2025-02-02
next_21d_realized_volatility,ridge,combined,251,2025-02-03,2026-02-02,0.010544532797145458,0.1026865755449341,0.0602165556001273,0.16137216927845666,0.40717279562609876,0.5952676911402011,0.6573705179282868,2015-02-02,2025-02-02,2025-02-03,2026-02-02
next_21d_realized_volatility,ridge,combined,73,2026-02-03,2026-05-18,0.002337328280927327,0.04834592310554559,0.03930059252879545,-1.1503618979613268,0.21900081115106707,0.4006540787362705,0.7123287671232876,2015-02-02,2026-02-02,2026-02-03,2026-05-18
next_21d_realized_volatility,random_forest,combined,253,2020-02-03,2021-02-02,0.055590426136907456,0.2357762204653121,0.13562044338831852,-0.28397351390192815,0.06477125446512977,0.1724958989407549,0.7272727272727273,2015-02-02,2020-02-02,2020-02-03,2021-02-02
next_21d_realized_volatility,random_forest,combined,253,2021-02-03,2022-02-02,0.00486205780881139,0.06972845766838236,0.05651853487516071,-1.600894918545623,-0.7304124833570997,-0.03255126705999695,0.6363636363636364,2015-02-02,2021-02-02,2021-02-03,2022-02-02
next_21d_realized_volatility,random_forest,combined,251,2022-02-03,2023-02-02,0.01178126179353202,0.10854152105775937,0.09734905943953294,-3.326467046313363,-1.9863019449405503,0.5376900018971732,0.601593625498008,2015-02-02,2022-02-02,2022-02-03,2023-02-02
next_21d_realized_volatility,random_forest,combined,251,2023-02-03,2024-02-02,0.0008166552757367489,0.028577181032018343,0.021481205063934066,-0.27163411292062056,0.1383060679879703,0.45624890912540317,0.6932270916334662,2015-02-02,2023-02-02,2023-02-03,2024-02-02
next_21d_realized_volatility,random_forest,combined,249,2024-02-05,2025-01-31,0.002635045263564362,0.051332691957117954,0.03721780135811837,-1.0930363678902641,0.03673776895008074,0.28261173727166733,0.6666666666666666,2015-02-02,2024-02-02,2024-02-03,2025-02-02
next_21d_realized_volatility,random_forest,combined,251,2025-02-03,2026-02-02,0.01182477821306888,0.10874179607248025,0.064699062920911,0.05955168499510266,0.3351957507028902,0.3811926353998618,0.6215139442231076,2015-02-02,2025-02-02,2025-02-03,2026-02-02
next_21d_realized_volatility,random_forest,combined,73,2026-02-03,2026-05-18,0.0020111436808153186,0.04484577662183273,0.03536919275856389,-0.8502692915841299,0.32799273589747924,-0.025237566333456744,0.8356164383561644,2015-02-02,2026-02-02,2026-02-03,2026-05-18
